-- --------------------------------------------------------
-- Verkkotietokone:              37.187.137.114
-- Palvelinversio:               10.3.18-MariaDB-1:10.3.18+maria~bionic - mariadb.org binary distribution
-- Server OS:                    debian-linux-gnu
-- HeidiSQL Versio:              11.2.0.6213
-- --------------------------------------------------------

/*!40101 SET @OLD_CHARACTER_SET_CLIENT=@@CHARACTER_SET_CLIENT */;
/*!40101 SET NAMES utf8 */;
/*!50503 SET NAMES utf8mb4 */;
/*!40014 SET @OLD_FOREIGN_KEY_CHECKS=@@FOREIGN_KEY_CHECKS, FOREIGN_KEY_CHECKS=0 */;
/*!40101 SET @OLD_SQL_MODE=@@SQL_MODE, SQL_MODE='NO_AUTO_VALUE_ON_ZERO' */;
/*!40111 SET @OLD_SQL_NOTES=@@SQL_NOTES, SQL_NOTES=0 */;


-- Dumping database structure for s4_kaupunkiffa
CREATE DATABASE IF NOT EXISTS `s4_kaupunkiffa` /*!40100 DEFAULT CHARACTER SET utf8 */;
USE `s4_kaupunkiffa`;

-- Dumping structure for taulu s4_kaupunkiffa.addon_account
CREATE TABLE IF NOT EXISTS `addon_account` (
  `name` varchar(60) NOT NULL,
  `label` varchar(100) NOT NULL,
  `shared` int(11) NOT NULL,
  PRIMARY KEY (`name`)
) ENGINE=InnoDB DEFAULT CHARSET=utf8;

-- Dumping data for table s4_kaupunkiffa.addon_account: ~8 rows (suunnilleen)
/*!40000 ALTER TABLE `addon_account` DISABLE KEYS */;
INSERT INTO `addon_account` (`name`, `label`, `shared`) VALUES
	('bank_savings', 'Savings account', 0),
	('caution', 'caution', 0),
	('society_ambulance', 'EMS', 1),
	('society_banker', 'Bank', 1),
	('society_cardealer', 'Cardealer', 1),
	('society_mechanic', 'Mechanic', 1),
	('society_police', 'Police', 1),
	('society_taxi', 'Taxi', 1);
/*!40000 ALTER TABLE `addon_account` ENABLE KEYS */;

-- Dumping structure for taulu s4_kaupunkiffa.addon_account_data
CREATE TABLE IF NOT EXISTS `addon_account_data` (
  `id` int(11) NOT NULL AUTO_INCREMENT,
  `account_name` varchar(100) DEFAULT NULL,
  `money` int(11) NOT NULL,
  `owner` varchar(46) DEFAULT NULL,
  PRIMARY KEY (`id`),
  UNIQUE KEY `index_addon_account_data_account_name_owner` (`account_name`,`owner`),
  KEY `index_addon_account_data_account_name` (`account_name`)
) ENGINE=InnoDB AUTO_INCREMENT=217 DEFAULT CHARSET=utf8;

-- Dumping data for table s4_kaupunkiffa.addon_account_data: ~135 rows (suunnilleen)
/*!40000 ALTER TABLE `addon_account_data` DISABLE KEYS */;
INSERT INTO `addon_account_data` (`id`, `account_name`, `money`, `owner`) VALUES
	(1, 'society_cardealer', 0, NULL),
	(2, 'society_police', 0, NULL),
	(3, 'society_ambulance', 0, NULL),
	(4, 'society_mechanic', 0, NULL),
	(5, 'society_taxi', 0, NULL),
	(9, 'society_banker', 0, NULL),
	(24, 'bank_savings', 0, 'char1:ab78a3abe48d946285cfd056f853fec26ade0d80'),
	(25, 'caution', 0, 'char1:ab78a3abe48d946285cfd056f853fec26ade0d80'),
	(26, 'caution', 0, 'char1:f9b2eec3beac11494d5a0f220e2f354c89ee1c7d'),
	(27, 'bank_savings', 0, 'char1:f9b2eec3beac11494d5a0f220e2f354c89ee1c7d'),
	(28, 'bank_savings', 0, 'char1:12bc9cc0d35644bbcee5949cc13d3c0866117117'),
	(29, 'caution', 0, 'char1:12bc9cc0d35644bbcee5949cc13d3c0866117117'),
	(30, 'bank_savings', 0, 'char1:b0859b45401fb9df11b48b15d669f0e8c5ab7c4a'),
	(31, 'caution', 0, 'char1:b0859b45401fb9df11b48b15d669f0e8c5ab7c4a'),
	(32, 'bank_savings', 0, 'char1:9f5e4fa592932d64f411d2db5ccaa1b4ec782018'),
	(33, 'caution', 0, 'char1:9f5e4fa592932d64f411d2db5ccaa1b4ec782018'),
	(36, 'bank_savings', 0, 'char1:c35384b343a79964b5d4700d4a3d1862300b946a'),
	(37, 'caution', 0, 'char1:c35384b343a79964b5d4700d4a3d1862300b946a'),
	(38, 'bank_savings', 0, 'char2:ab78a3abe48d946285cfd056f853fec26ade0d80'),
	(39, 'caution', 0, 'char2:ab78a3abe48d946285cfd056f853fec26ade0d80'),
	(40, 'bank_savings', 0, 'char2:c35384b343a79964b5d4700d4a3d1862300b946a'),
	(41, 'caution', 0, 'char2:c35384b343a79964b5d4700d4a3d1862300b946a'),
	(42, 'caution', 0, 'char1:910de34dd4c41a07eec0e1d8fb6302a1769e81fd'),
	(43, 'bank_savings', 0, 'char1:910de34dd4c41a07eec0e1d8fb6302a1769e81fd'),
	(44, 'bank_savings', 0, 'char2:910de34dd4c41a07eec0e1d8fb6302a1769e81fd'),
	(45, 'caution', 0, 'char2:910de34dd4c41a07eec0e1d8fb6302a1769e81fd'),
	(46, 'bank_savings', 0, 'char1:94245704ed76bc5c912187b6026d2083d5645bab'),
	(47, 'caution', 0, 'char1:94245704ed76bc5c912187b6026d2083d5645bab'),
	(48, 'caution', 0, 'char1:b3082edc37059bf0053a408674b60ba8c75a38e0'),
	(49, 'bank_savings', 0, 'char1:b3082edc37059bf0053a408674b60ba8c75a38e0'),
	(50, 'bank_savings', 0, 'char1:ae89317802f2590ec0f02bef4d9e9a3bf78ba101'),
	(51, 'caution', 0, 'char1:ae89317802f2590ec0f02bef4d9e9a3bf78ba101'),
	(52, 'bank_savings', 0, 'char1:bdce548078ceef569d27ff7d0a65dba2a04bcd7f'),
	(53, 'caution', 0, 'char1:bdce548078ceef569d27ff7d0a65dba2a04bcd7f'),
	(54, 'bank_savings', 0, 'char1:0b471844faca86888a3a950a53ff58f1980513e1'),
	(55, 'caution', 0, 'char1:0b471844faca86888a3a950a53ff58f1980513e1'),
	(56, 'caution', 0, 'char1:573f1103277e362183e3e7af128b0b633513af9e'),
	(57, 'bank_savings', 0, 'char1:573f1103277e362183e3e7af128b0b633513af9e'),
	(58, 'bank_savings', 0, 'char1:61120d98db56437ab5b54b2700944c920be1d674'),
	(59, 'caution', 0, 'char1:61120d98db56437ab5b54b2700944c920be1d674'),
	(60, 'caution', 0, 'char1:e96abd16fde2d0efd5ad771cf6efd2fcf6629cb7'),
	(61, 'bank_savings', 0, 'char1:e96abd16fde2d0efd5ad771cf6efd2fcf6629cb7'),
	(64, 'bank_savings', 0, 'char3:ab78a3abe48d946285cfd056f853fec26ade0d80'),
	(65, 'caution', 0, 'char3:ab78a3abe48d946285cfd056f853fec26ade0d80'),
	(66, 'bank_savings', 0, 'char2:30a451c8d7ddd011d5d6d452746b9141f90ca9fd'),
	(67, 'caution', 0, 'char2:30a451c8d7ddd011d5d6d452746b9141f90ca9fd'),
	(68, 'bank_savings', 0, 'char1:e81dad9cdf9c700da5f23be608826eb33f8be62f'),
	(69, 'caution', 0, 'char1:e81dad9cdf9c700da5f23be608826eb33f8be62f'),
	(70, 'bank_savings', 0, 'char3:910de34dd4c41a07eec0e1d8fb6302a1769e81fd'),
	(71, 'caution', 0, 'char3:910de34dd4c41a07eec0e1d8fb6302a1769e81fd'),
	(72, 'bank_savings', 0, 'char1:30a451c8d7ddd011d5d6d452746b9141f90ca9fd'),
	(73, 'caution', 0, 'char1:30a451c8d7ddd011d5d6d452746b9141f90ca9fd'),
	(74, 'bank_savings', 0, 'char1:f98dd9b20cb3118b6050e968687d5834e545591d'),
	(75, 'bank_savings', 0, 'char4:910de34dd4c41a07eec0e1d8fb6302a1769e81fd'),
	(76, 'caution', 0, 'char4:910de34dd4c41a07eec0e1d8fb6302a1769e81fd'),
	(77, 'bank_savings', 0, 'char1:64296834c05cc28357959c0ffed49f9f51a449d2'),
	(78, 'caution', 0, 'char1:64296834c05cc28357959c0ffed49f9f51a449d2'),
	(79, 'bank_savings', 0, 'char1:4431c5ed1c390c0b4edcb46af334ed4885e050bf'),
	(80, 'caution', 0, 'char1:4431c5ed1c390c0b4edcb46af334ed4885e050bf'),
	(81, 'bank_savings', 0, 'char2:4431c5ed1c390c0b4edcb46af334ed4885e050bf'),
	(82, 'caution', 0, 'char2:4431c5ed1c390c0b4edcb46af334ed4885e050bf'),
	(83, 'caution', 0, 'char1:367f6ab3ad9c843ad9734554f457bf2c99ab5270'),
	(84, 'bank_savings', 0, 'char1:367f6ab3ad9c843ad9734554f457bf2c99ab5270'),
	(85, 'bank_savings', 0, 'char1:28215f9ec48918cd8dbebd85a21287d3f154508b'),
	(86, 'caution', 0, 'char1:28215f9ec48918cd8dbebd85a21287d3f154508b'),
	(87, 'bank_savings', 0, 'char1:770172702d31a6f2b3519f1ed44281a13fd1fef9'),
	(88, 'caution', 0, 'char1:770172702d31a6f2b3519f1ed44281a13fd1fef9'),
	(89, 'bank_savings', 0, 'char1:4fb369eee297a2ae559b93b3a3746172de426420'),
	(90, 'caution', 0, 'char1:4fb369eee297a2ae559b93b3a3746172de426420'),
	(91, 'bank_savings', 0, 'char1:2e29fe996ff78295435d014786b4469bcaeb2811'),
	(92, 'caution', 0, 'char1:2e29fe996ff78295435d014786b4469bcaeb2811'),
	(93, 'caution', 0, 'char1:6c3bb045ee8ea887fb21a0e09418264069db9e81'),
	(94, 'bank_savings', 0, 'char1:6c3bb045ee8ea887fb21a0e09418264069db9e81'),
	(95, 'bank_savings', 0, 'char1:efa4d5f4901900b998ef1d9cb6ae6055bed44151'),
	(96, 'caution', 0, 'char1:efa4d5f4901900b998ef1d9cb6ae6055bed44151'),
	(97, 'bank_savings', 0, 'char1:9441698fdd714f970e9250abf9a70c289f2fe5e6'),
	(98, 'caution', 0, 'char1:9441698fdd714f970e9250abf9a70c289f2fe5e6'),
	(99, 'bank_savings', 0, 'char1:ede52aae28268f48cf94c668f46a2cce7ad35366'),
	(100, 'caution', 0, 'char1:ede52aae28268f48cf94c668f46a2cce7ad35366'),
	(101, 'caution', 0, 'char1:3c520e2bd6163452e7ee944524067a62ebca6cfe'),
	(102, 'bank_savings', 0, 'char1:3c520e2bd6163452e7ee944524067a62ebca6cfe'),
	(103, 'bank_savings', 0, 'char1:31d0272fbfb0a8851de8a87a3e53d43496f801b9'),
	(104, 'caution', 0, 'char1:31d0272fbfb0a8851de8a87a3e53d43496f801b9'),
	(105, 'bank_savings', 0, 'char1:45da3846a3840111ce256963f2117a58165c3799'),
	(106, 'caution', 0, 'char1:45da3846a3840111ce256963f2117a58165c3799'),
	(107, 'bank_savings', 0, 'char1:3454db5abae27cc66cfd3aa7d9978aacdcd5676c'),
	(108, 'caution', 0, 'char1:3454db5abae27cc66cfd3aa7d9978aacdcd5676c'),
	(109, 'bank_savings', 0, 'char1:ec6007fda6dc7a3d87ac7b294742ad673df848e4'),
	(110, 'caution', 0, 'char1:ec6007fda6dc7a3d87ac7b294742ad673df848e4'),
	(111, 'bank_savings', 0, 'char1:435982c4cd0ddc795a0a29b421fcb831988e23df'),
	(112, 'caution', 0, 'char1:435982c4cd0ddc795a0a29b421fcb831988e23df'),
	(113, 'bank_savings', 0, 'char1:610c157e711b77cb86601588b32acdafb802fbe0'),
	(114, 'caution', 0, 'char1:610c157e711b77cb86601588b32acdafb802fbe0'),
	(115, 'bank_savings', 0, 'char1:b2cb5240e0b7f88c6c88e47b37629c76b5059843'),
	(116, 'caution', 0, 'char1:b2cb5240e0b7f88c6c88e47b37629c76b5059843'),
	(117, 'caution', 0, 'char1:05d1bc03ec0d896fe6dfd5736228f3a915058ddc'),
	(118, 'bank_savings', 0, 'char1:05d1bc03ec0d896fe6dfd5736228f3a915058ddc'),
	(119, 'bank_savings', 0, 'char1:7662a45189a8912f33e300c30aa3ec7967337242'),
	(120, 'caution', 0, 'char1:7662a45189a8912f33e300c30aa3ec7967337242'),
	(121, 'bank_savings', 0, 'char1:e8938bd4a62ae5eb80bfba20c471af31d72538a2'),
	(122, 'caution', 0, 'char1:e8938bd4a62ae5eb80bfba20c471af31d72538a2'),
	(123, 'bank_savings', 0, 'char1:aad0f57f52d9d6951e649fee98fffaf0b223cef6'),
	(124, 'caution', 0, 'char1:aad0f57f52d9d6951e649fee98fffaf0b223cef6'),
	(125, 'bank_savings', 0, 'char1:1e71f6ae32bc6e2efc5691d4ff5507017680cc05'),
	(126, 'caution', 0, 'char1:1e71f6ae32bc6e2efc5691d4ff5507017680cc05'),
	(127, 'caution', 0, 'char1:61b2919e6c6fbe99ebbe199c3b03b068145ef478'),
	(128, 'bank_savings', 0, 'char1:61b2919e6c6fbe99ebbe199c3b03b068145ef478'),
	(129, 'bank_savings', 0, 'char4:010c2dfe91b5c0dbd046872a7cdecdc7296172de'),
	(130, 'caution', 0, 'char4:010c2dfe91b5c0dbd046872a7cdecdc7296172de'),
	(131, 'bank_savings', 0, 'char1:16de870f9971f75ca26b2ef8f261ad5b6af70dd8'),
	(132, 'caution', 0, 'char1:16de870f9971f75ca26b2ef8f261ad5b6af70dd8'),
	(133, 'bank_savings', 0, 'char1:d963e330833c3069938c47ce409802242a842669'),
	(134, 'caution', 0, 'char1:d963e330833c3069938c47ce409802242a842669'),
	(135, 'bank_savings', 0, 'char1:76ab773825a6d5b95a9c52dd082e9bf8eb43a4f3'),
	(136, 'caution', 0, 'char1:76ab773825a6d5b95a9c52dd082e9bf8eb43a4f3'),
	(137, 'bank_savings', 0, 'char1:21b7a3bbd6884e3d7edef1d846874be07c0095ed'),
	(138, 'caution', 0, 'char1:21b7a3bbd6884e3d7edef1d846874be07c0095ed'),
	(139, 'bank_savings', 0, 'char1:b653eee150914c87ff4016a65f613b1642f920ad'),
	(140, 'caution', 0, 'char1:b653eee150914c87ff4016a65f613b1642f920ad'),
	(141, 'caution', 0, 'char1:3f163fea5bd3a27945cb2979002e3215005487db'),
	(142, 'bank_savings', 0, 'char1:3f163fea5bd3a27945cb2979002e3215005487db'),
	(143, 'bank_savings', 0, 'char1:8662d148e17b7798299e2599bcbbf93df1ffc0df'),
	(144, 'caution', 0, 'char1:8662d148e17b7798299e2599bcbbf93df1ffc0df'),
	(145, 'bank_savings', 0, 'char1:578c996ff11d8107ae9cd8d52975cc929cfe1846'),
	(146, 'caution', 0, 'char1:578c996ff11d8107ae9cd8d52975cc929cfe1846'),
	(147, 'caution', 0, 'char1:3da86ab1a3946e49fa9a196d25fefd1144ad6f61'),
	(148, 'bank_savings', 0, 'char1:3da86ab1a3946e49fa9a196d25fefd1144ad6f61'),
	(149, 'bank_savings', 0, 'char1:1b5a39c2d07f885a6f3ee03617fb72acf3ad871f'),
	(150, 'caution', 0, 'char1:1b5a39c2d07f885a6f3ee03617fb72acf3ad871f'),
	(151, 'bank_savings', 0, 'char1:6fd1b856323433ca8e974c916c72f19e818b4bb5'),
	(152, 'caution', 0, 'char1:6fd1b856323433ca8e974c916c72f19e818b4bb5'),
	(153, 'bank_savings', 0, 'char1:af9cd23a8e13bdaba90fa6bdaeb91054dd2cbec7'),
	(154, 'caution', 0, 'char1:af9cd23a8e13bdaba90fa6bdaeb91054dd2cbec7'),
	(155, 'bank_savings', 0, 'char1:bc7a5a46b54329fdb306101f22b44ba695759e65'),
	(156, 'caution', 0, 'char1:bc7a5a46b54329fdb306101f22b44ba695759e65'),
	(157, 'bank_savings', 0, 'char1:f2aba8944ed751469786d5653c3e358977301ebd'),
	(158, 'caution', 0, 'char1:f2aba8944ed751469786d5653c3e358977301ebd'),
	(159, 'bank_savings', 0, 'char1:2e981157bb3014ba2df86ae75077580ee6dedb0d'),
	(160, 'caution', 0, 'char1:2e981157bb3014ba2df86ae75077580ee6dedb0d'),
	(161, 'bank_savings', 0, 'char1:329b28f8c944bba54308061ca2dd577316c060fa'),
	(162, 'caution', 0, 'char1:329b28f8c944bba54308061ca2dd577316c060fa'),
	(163, 'bank_savings', 0, 'char1:f40557ee7b2f7fcd16d99495a85365b06b42d5b0'),
	(164, 'caution', 0, 'char1:f40557ee7b2f7fcd16d99495a85365b06b42d5b0'),
	(165, 'bank_savings', 0, 'char1:c3ccfc9844fddc040d0ae5418c1ec732c5c928db'),
	(166, 'caution', 0, 'char1:c3ccfc9844fddc040d0ae5418c1ec732c5c928db'),
	(167, 'bank_savings', 0, 'char1:c0840453a5f707e3520d3c74dbb47bb2b8731dfe'),
	(168, 'caution', 0, 'char1:c0840453a5f707e3520d3c74dbb47bb2b8731dfe'),
	(169, 'caution', 0, 'char1:507dc770b2798b376a730bbd8c68451e0167ad55'),
	(170, 'bank_savings', 0, 'char1:507dc770b2798b376a730bbd8c68451e0167ad55'),
	(171, 'bank_savings', 0, 'char1:2bb7dc1113a0dcc9f1ca5596c8a7457be07ba4a4'),
	(172, 'caution', 0, 'char1:2bb7dc1113a0dcc9f1ca5596c8a7457be07ba4a4'),
	(173, 'bank_savings', 0, 'char1:ec64c62b8a8043759e889f22f98401cc83438099'),
	(174, 'caution', 0, 'char1:ec64c62b8a8043759e889f22f98401cc83438099'),
	(175, 'bank_savings', 0, 'char1:71ed6ed77c604ab060e5f981147d3ae4295da872'),
	(176, 'caution', 0, 'char1:71ed6ed77c604ab060e5f981147d3ae4295da872'),
	(177, 'bank_savings', 0, 'char1:cfe770b50c2857a9fed6c7227f3560722a4cc278'),
	(178, 'caution', 0, 'char1:cfe770b50c2857a9fed6c7227f3560722a4cc278'),
	(179, 'bank_savings', 0, 'char1:72c6d67da37654326ae16b09f6042d9613e98d04'),
	(180, 'caution', 0, 'char1:72c6d67da37654326ae16b09f6042d9613e98d04'),
	(181, 'bank_savings', 0, 'char1:4223f5b05c1203fd31c4aaffaa62763f4fdaff95'),
	(182, 'caution', 0, 'char1:4223f5b05c1203fd31c4aaffaa62763f4fdaff95'),
	(183, 'caution', 0, 'char1:4eb89caed8e660e766df4d1fb117064b143f9bb0'),
	(184, 'bank_savings', 0, 'char1:4eb89caed8e660e766df4d1fb117064b143f9bb0'),
	(185, 'bank_savings', 0, 'char1:e8ffef9b1288651df52704b82dae80b0ff1a3110'),
	(186, 'caution', 0, 'char1:e8ffef9b1288651df52704b82dae80b0ff1a3110'),
	(187, 'caution', 0, 'char1:4255a50b66661c4b6ac96477e2604fe25c321f15'),
	(188, 'bank_savings', 0, 'char1:4255a50b66661c4b6ac96477e2604fe25c321f15'),
	(189, 'caution', 0, 'char1:dc5538e65c94c77fbcb91eb614fb2d90e71b50bf'),
	(190, 'bank_savings', 0, 'char1:dc5538e65c94c77fbcb91eb614fb2d90e71b50bf'),
	(191, 'bank_savings', 0, 'char1:85b369a19269b3edce73b456f2e5a70668394ea9'),
	(192, 'caution', 0, 'char1:85b369a19269b3edce73b456f2e5a70668394ea9'),
	(193, 'bank_savings', 0, 'char1:da1182f16b2d078a2b988f40207d52973a2f79b7'),
	(194, 'caution', 0, 'char1:da1182f16b2d078a2b988f40207d52973a2f79b7'),
	(195, 'bank_savings', 0, 'char1:0d1cf444640b8eec3ed49d54c1f261707f7c0062'),
	(196, 'caution', 0, 'char1:0d1cf444640b8eec3ed49d54c1f261707f7c0062'),
	(197, 'caution', 0, 'char1:bc23a8a07d331cc24258bab0270ff36de59c3351'),
	(198, 'bank_savings', 0, 'char1:bc23a8a07d331cc24258bab0270ff36de59c3351'),
	(199, 'bank_savings', 0, 'char1:6ca4d026d7e4514e572e43e6f8e3763ffe1f5b4d'),
	(200, 'caution', 0, 'char1:6ca4d026d7e4514e572e43e6f8e3763ffe1f5b4d'),
	(201, 'bank_savings', 0, 'char1:fafaa4203a9fd42571a5e4b47e93c82b9088d373'),
	(202, 'caution', 0, 'char1:fafaa4203a9fd42571a5e4b47e93c82b9088d373'),
	(203, 'bank_savings', 0, 'char1:52c64867254e1819be979cc1e68c8c7457f7e542'),
	(204, 'caution', 0, 'char1:52c64867254e1819be979cc1e68c8c7457f7e542'),
	(205, 'bank_savings', 0, 'char1:97b969263ae5b0229b3060e7c4f4822d1bcbb39a'),
	(206, 'caution', 0, 'char1:97b969263ae5b0229b3060e7c4f4822d1bcbb39a'),
	(207, 'bank_savings', 0, 'char1:d0ba3b4f9b520367949fc7fe4c330efcd0a44aec'),
	(208, 'caution', 0, 'char1:d0ba3b4f9b520367949fc7fe4c330efcd0a44aec'),
	(209, 'bank_savings', 0, 'char1:447732492a69aa7664af74cdb6f9f2aac59e82e8'),
	(210, 'caution', 0, 'char1:447732492a69aa7664af74cdb6f9f2aac59e82e8'),
	(211, 'bank_savings', 0, 'char1:a5f00acdaad04bac33671717f4bf84566dd03f51'),
	(212, 'caution', 0, 'char1:a5f00acdaad04bac33671717f4bf84566dd03f51'),
	(213, 'bank_savings', 0, 'char1:f86206e379a063e99ec085e8eec7260faef6448b'),
	(214, 'caution', 0, 'char1:f86206e379a063e99ec085e8eec7260faef6448b'),
	(215, 'caution', 0, 'char1:645d2161aeee306e41544d004ff07a6320191bee'),
	(216, 'bank_savings', 0, 'char1:645d2161aeee306e41544d004ff07a6320191bee');
/*!40000 ALTER TABLE `addon_account_data` ENABLE KEYS */;

-- Dumping structure for taulu s4_kaupunkiffa.addon_inventory
CREATE TABLE IF NOT EXISTS `addon_inventory` (
  `name` varchar(60) NOT NULL,
  `label` varchar(100) NOT NULL,
  `shared` int(11) NOT NULL,
  PRIMARY KEY (`name`)
) ENGINE=InnoDB DEFAULT CHARSET=utf8;

-- Dumping data for table s4_kaupunkiffa.addon_inventory: ~5 rows (suunnilleen)
/*!40000 ALTER TABLE `addon_inventory` DISABLE KEYS */;
INSERT INTO `addon_inventory` (`name`, `label`, `shared`) VALUES
	('society_ambulance', 'EMS', 1),
	('society_cardealer', 'Cardealer', 1),
	('society_mechanic', 'Mechanic', 1),
	('society_police', 'Police', 1),
	('society_taxi', 'Taxi', 1);
/*!40000 ALTER TABLE `addon_inventory` ENABLE KEYS */;

-- Dumping structure for taulu s4_kaupunkiffa.addon_inventory_items
CREATE TABLE IF NOT EXISTS `addon_inventory_items` (
  `id` int(11) NOT NULL AUTO_INCREMENT,
  `inventory_name` varchar(100) NOT NULL,
  `name` varchar(100) NOT NULL,
  `count` int(11) NOT NULL,
  `owner` varchar(46) DEFAULT NULL,
  PRIMARY KEY (`id`),
  KEY `index_addon_inventory_items_inventory_name_name` (`inventory_name`,`name`),
  KEY `index_addon_inventory_items_inventory_name_name_owner` (`inventory_name`,`name`,`owner`),
  KEY `index_addon_inventory_inventory_name` (`inventory_name`)
) ENGINE=InnoDB DEFAULT CHARSET=utf8;

-- Dumping data for table s4_kaupunkiffa.addon_inventory_items: ~0 rows (suunnilleen)
/*!40000 ALTER TABLE `addon_inventory_items` DISABLE KEYS */;
/*!40000 ALTER TABLE `addon_inventory_items` ENABLE KEYS */;

-- Dumping structure for taulu s4_kaupunkiffa.banking
CREATE TABLE IF NOT EXISTS `banking` (
  `identifier` varchar(46) DEFAULT NULL,
  `type` varchar(50) DEFAULT NULL,
  `amount` int(64) DEFAULT NULL,
  `time` bigint(20) DEFAULT NULL,
  `ID` int(11) NOT NULL AUTO_INCREMENT,
  `balance` int(11) DEFAULT 0,
  PRIMARY KEY (`ID`)
) ENGINE=InnoDB DEFAULT CHARSET=utf8mb4;

-- Dumping data for table s4_kaupunkiffa.banking: ~0 rows (suunnilleen)
/*!40000 ALTER TABLE `banking` DISABLE KEYS */;
/*!40000 ALTER TABLE `banking` ENABLE KEYS */;

-- Dumping structure for taulu s4_kaupunkiffa.billing
CREATE TABLE IF NOT EXISTS `billing` (
  `id` int(11) NOT NULL AUTO_INCREMENT,
  `identifier` varchar(46) DEFAULT NULL,
  `sender` varchar(60) NOT NULL,
  `target_type` varchar(50) NOT NULL,
  `target` varchar(40) NOT NULL,
  `label` varchar(255) NOT NULL,
  `amount` int(11) NOT NULL,
  PRIMARY KEY (`id`)
) ENGINE=InnoDB DEFAULT CHARSET=utf8;

-- Dumping data for table s4_kaupunkiffa.billing: ~0 rows (suunnilleen)
/*!40000 ALTER TABLE `billing` DISABLE KEYS */;
/*!40000 ALTER TABLE `billing` ENABLE KEYS */;

-- Dumping structure for taulu s4_kaupunkiffa.cardealer_vehicles
CREATE TABLE IF NOT EXISTS `cardealer_vehicles` (
  `id` int(11) NOT NULL AUTO_INCREMENT,
  `vehicle` varchar(255) NOT NULL,
  `price` int(11) NOT NULL,
  PRIMARY KEY (`id`)
) ENGINE=InnoDB DEFAULT CHARSET=utf8;

-- Dumping data for table s4_kaupunkiffa.cardealer_vehicles: ~0 rows (suunnilleen)
/*!40000 ALTER TABLE `cardealer_vehicles` DISABLE KEYS */;
/*!40000 ALTER TABLE `cardealer_vehicles` ENABLE KEYS */;

-- Dumping structure for taulu s4_kaupunkiffa.datastore
CREATE TABLE IF NOT EXISTS `datastore` (
  `name` varchar(60) NOT NULL,
  `label` varchar(100) NOT NULL,
  `shared` int(11) NOT NULL,
  PRIMARY KEY (`name`)
) ENGINE=InnoDB DEFAULT CHARSET=utf8;

-- Dumping data for table s4_kaupunkiffa.datastore: ~9 rows (suunnilleen)
/*!40000 ALTER TABLE `datastore` DISABLE KEYS */;
INSERT INTO `datastore` (`name`, `label`, `shared`) VALUES
	('property', 'Property', 0),
	('society_ambulance', 'EMS', 1),
	('society_mechanic', 'Mechanic', 1),
	('society_police', 'Police', 1),
	('society_taxi', 'Taxi', 1),
	('user_ears', 'Ears', 0),
	('user_glasses', 'Glasses', 0),
	('user_helmet', 'Helmet', 0),
	('user_mask', 'Mask', 0);
/*!40000 ALTER TABLE `datastore` ENABLE KEYS */;

-- Dumping structure for taulu s4_kaupunkiffa.datastore_data
CREATE TABLE IF NOT EXISTS `datastore_data` (
  `id` int(11) NOT NULL AUTO_INCREMENT,
  `name` varchar(60) NOT NULL,
  `owner` varchar(46) DEFAULT NULL,
  `data` longtext DEFAULT NULL,
  PRIMARY KEY (`id`),
  UNIQUE KEY `index_datastore_data_name_owner` (`name`,`owner`),
  KEY `index_datastore_data_name` (`name`)
) ENGINE=InnoDB AUTO_INCREMENT=566 DEFAULT CHARSET=utf8;

-- Dumping data for table s4_kaupunkiffa.datastore_data: ~495 rows (suunnilleen)
/*!40000 ALTER TABLE `datastore_data` DISABLE KEYS */;
INSERT INTO `datastore_data` (`id`, `name`, `owner`, `data`) VALUES
	(1, 'society_police', NULL, '{}'),
	(2, 'society_ambulance', NULL, '{}'),
	(3, 'society_mechanic', NULL, '{}'),
	(4, 'society_taxi', NULL, '{}'),
	(5, 'property', NULL, '{}'),
	(6, 'property', NULL, '{}'),
	(7, 'property', NULL, '{}'),
	(13, 'property', NULL, '{}'),
	(14, 'property', NULL, '{}'),
	(15, 'property', NULL, '{}'),
	(16, 'property', NULL, '{}'),
	(17, 'property', NULL, '{}'),
	(18, 'property', NULL, '{}'),
	(19, 'property', NULL, '{}'),
	(20, 'property', NULL, '{}'),
	(26, 'property', NULL, '{}'),
	(32, 'property', NULL, '{}'),
	(38, 'property', NULL, '{}'),
	(39, 'property', NULL, '{}'),
	(45, 'property', NULL, '{}'),
	(51, 'property', NULL, '{}'),
	(52, 'property', NULL, '{}'),
	(53, 'property', NULL, '{}'),
	(54, 'property', NULL, '{}'),
	(55, 'property', NULL, '{}'),
	(56, 'property', NULL, '{}'),
	(57, 'property', NULL, '{}'),
	(63, 'property', NULL, '{}'),
	(64, 'property', 'char1:ab78a3abe48d946285cfd056f853fec26ade0d80', '{}'),
	(65, 'user_mask', 'char1:ab78a3abe48d946285cfd056f853fec26ade0d80', '{}'),
	(66, 'user_glasses', 'char1:ab78a3abe48d946285cfd056f853fec26ade0d80', '{}'),
	(67, 'user_ears', 'char1:ab78a3abe48d946285cfd056f853fec26ade0d80', '{}'),
	(68, 'user_helmet', 'char1:ab78a3abe48d946285cfd056f853fec26ade0d80', '{}'),
	(69, 'user_glasses', 'char1:f9b2eec3beac11494d5a0f220e2f354c89ee1c7d', '{}'),
	(70, 'user_ears', 'char1:f9b2eec3beac11494d5a0f220e2f354c89ee1c7d', '{}'),
	(71, 'property', 'char1:f9b2eec3beac11494d5a0f220e2f354c89ee1c7d', '{}'),
	(72, 'user_mask', 'char1:f9b2eec3beac11494d5a0f220e2f354c89ee1c7d', '{}'),
	(73, 'user_helmet', 'char1:f9b2eec3beac11494d5a0f220e2f354c89ee1c7d', '{}'),
	(74, 'property', 'char1:12bc9cc0d35644bbcee5949cc13d3c0866117117', '{}'),
	(75, 'user_mask', 'char1:12bc9cc0d35644bbcee5949cc13d3c0866117117', '{}'),
	(76, 'user_glasses', 'char1:12bc9cc0d35644bbcee5949cc13d3c0866117117', '{}'),
	(77, 'user_ears', 'char1:12bc9cc0d35644bbcee5949cc13d3c0866117117', '{}'),
	(78, 'user_helmet', 'char1:12bc9cc0d35644bbcee5949cc13d3c0866117117', '{}'),
	(79, 'property', 'char1:b0859b45401fb9df11b48b15d669f0e8c5ab7c4a', '{}'),
	(80, 'user_mask', 'char1:b0859b45401fb9df11b48b15d669f0e8c5ab7c4a', '{}'),
	(81, 'user_glasses', 'char1:b0859b45401fb9df11b48b15d669f0e8c5ab7c4a', '{}'),
	(82, 'user_ears', 'char1:b0859b45401fb9df11b48b15d669f0e8c5ab7c4a', '{}'),
	(83, 'user_helmet', 'char1:b0859b45401fb9df11b48b15d669f0e8c5ab7c4a', '{}'),
	(84, 'property', 'char1:9f5e4fa592932d64f411d2db5ccaa1b4ec782018', '{}'),
	(85, 'user_mask', 'char1:9f5e4fa592932d64f411d2db5ccaa1b4ec782018', '{}'),
	(86, 'user_glasses', 'char1:9f5e4fa592932d64f411d2db5ccaa1b4ec782018', '{}'),
	(87, 'user_ears', 'char1:9f5e4fa592932d64f411d2db5ccaa1b4ec782018', '{}'),
	(88, 'user_helmet', 'char1:9f5e4fa592932d64f411d2db5ccaa1b4ec782018', '{}'),
	(94, 'user_mask', 'char1:c35384b343a79964b5d4700d4a3d1862300b946a', '{}'),
	(95, 'user_glasses', 'char1:c35384b343a79964b5d4700d4a3d1862300b946a', '{}'),
	(96, 'property', 'char1:c35384b343a79964b5d4700d4a3d1862300b946a', '{}'),
	(97, 'user_helmet', 'char1:c35384b343a79964b5d4700d4a3d1862300b946a', '{}'),
	(98, 'user_ears', 'char1:c35384b343a79964b5d4700d4a3d1862300b946a', '{}'),
	(99, 'property', 'char2:ab78a3abe48d946285cfd056f853fec26ade0d80', '{}'),
	(100, 'user_mask', 'char2:ab78a3abe48d946285cfd056f853fec26ade0d80', '{}'),
	(101, 'user_glasses', 'char2:ab78a3abe48d946285cfd056f853fec26ade0d80', '{}'),
	(102, 'user_ears', 'char2:ab78a3abe48d946285cfd056f853fec26ade0d80', '{}'),
	(103, 'user_helmet', 'char2:ab78a3abe48d946285cfd056f853fec26ade0d80', '{}'),
	(104, 'property', 'char2:c35384b343a79964b5d4700d4a3d1862300b946a', '{}'),
	(105, 'user_mask', 'char2:c35384b343a79964b5d4700d4a3d1862300b946a', '{}'),
	(106, 'user_glasses', 'char2:c35384b343a79964b5d4700d4a3d1862300b946a', '{}'),
	(107, 'user_ears', 'char2:c35384b343a79964b5d4700d4a3d1862300b946a', '{}'),
	(108, 'user_helmet', 'char2:c35384b343a79964b5d4700d4a3d1862300b946a', '{}'),
	(109, 'property', 'char1:910de34dd4c41a07eec0e1d8fb6302a1769e81fd', '{}'),
	(110, 'user_glasses', 'char1:910de34dd4c41a07eec0e1d8fb6302a1769e81fd', '{}'),
	(111, 'user_mask', 'char1:910de34dd4c41a07eec0e1d8fb6302a1769e81fd', '{}'),
	(112, 'user_ears', 'char1:910de34dd4c41a07eec0e1d8fb6302a1769e81fd', '{}'),
	(113, 'user_helmet', 'char1:910de34dd4c41a07eec0e1d8fb6302a1769e81fd', '{}'),
	(114, 'property', 'char2:910de34dd4c41a07eec0e1d8fb6302a1769e81fd', '{}'),
	(115, 'user_mask', 'char2:910de34dd4c41a07eec0e1d8fb6302a1769e81fd', '{}'),
	(116, 'user_ears', 'char2:910de34dd4c41a07eec0e1d8fb6302a1769e81fd', '{}'),
	(117, 'user_glasses', 'char2:910de34dd4c41a07eec0e1d8fb6302a1769e81fd', '{}'),
	(118, 'user_helmet', 'char2:910de34dd4c41a07eec0e1d8fb6302a1769e81fd', '{}'),
	(119, 'property', 'char1:94245704ed76bc5c912187b6026d2083d5645bab', '{}'),
	(120, 'user_mask', 'char1:94245704ed76bc5c912187b6026d2083d5645bab', '{}'),
	(121, 'user_ears', 'char1:94245704ed76bc5c912187b6026d2083d5645bab', '{}'),
	(122, 'user_helmet', 'char1:94245704ed76bc5c912187b6026d2083d5645bab', '{}'),
	(123, 'user_glasses', 'char1:94245704ed76bc5c912187b6026d2083d5645bab', '{}'),
	(124, 'property', NULL, '{}'),
	(125, 'user_mask', 'char1:b3082edc37059bf0053a408674b60ba8c75a38e0', '{}'),
	(126, 'user_glasses', 'char1:b3082edc37059bf0053a408674b60ba8c75a38e0', '{}'),
	(127, 'user_helmet', 'char1:b3082edc37059bf0053a408674b60ba8c75a38e0', '{}'),
	(128, 'property', 'char1:b3082edc37059bf0053a408674b60ba8c75a38e0', '{}'),
	(129, 'user_ears', 'char1:b3082edc37059bf0053a408674b60ba8c75a38e0', '{}'),
	(130, 'property', 'char1:ae89317802f2590ec0f02bef4d9e9a3bf78ba101', '{}'),
	(131, 'user_mask', 'char1:ae89317802f2590ec0f02bef4d9e9a3bf78ba101', '{}'),
	(132, 'user_glasses', 'char1:ae89317802f2590ec0f02bef4d9e9a3bf78ba101', '{}'),
	(133, 'user_ears', 'char1:ae89317802f2590ec0f02bef4d9e9a3bf78ba101', '{}'),
	(134, 'user_helmet', 'char1:ae89317802f2590ec0f02bef4d9e9a3bf78ba101', '{}'),
	(135, 'property', 'char1:bdce548078ceef569d27ff7d0a65dba2a04bcd7f', '{}'),
	(136, 'user_mask', 'char1:bdce548078ceef569d27ff7d0a65dba2a04bcd7f', '{}'),
	(137, 'user_glasses', 'char1:bdce548078ceef569d27ff7d0a65dba2a04bcd7f', '{}'),
	(138, 'user_ears', 'char1:bdce548078ceef569d27ff7d0a65dba2a04bcd7f', '{}'),
	(139, 'user_helmet', 'char1:bdce548078ceef569d27ff7d0a65dba2a04bcd7f', '{}'),
	(140, 'property', 'char1:0b471844faca86888a3a950a53ff58f1980513e1', '{}'),
	(141, 'user_mask', 'char1:0b471844faca86888a3a950a53ff58f1980513e1', '{}'),
	(142, 'user_glasses', 'char1:0b471844faca86888a3a950a53ff58f1980513e1', '{}'),
	(143, 'user_ears', 'char1:0b471844faca86888a3a950a53ff58f1980513e1', '{}'),
	(144, 'user_helmet', 'char1:0b471844faca86888a3a950a53ff58f1980513e1', '{}'),
	(145, 'property', NULL, '{}'),
	(146, 'property', 'char1:573f1103277e362183e3e7af128b0b633513af9e', '{}'),
	(147, 'user_mask', 'char1:573f1103277e362183e3e7af128b0b633513af9e', '{}'),
	(148, 'user_ears', 'char1:573f1103277e362183e3e7af128b0b633513af9e', '{}'),
	(149, 'user_glasses', 'char1:573f1103277e362183e3e7af128b0b633513af9e', '{}'),
	(150, 'user_helmet', 'char1:573f1103277e362183e3e7af128b0b633513af9e', '{}'),
	(151, 'property', 'char1:61120d98db56437ab5b54b2700944c920be1d674', '{}'),
	(152, 'user_mask', 'char1:61120d98db56437ab5b54b2700944c920be1d674', '{}'),
	(153, 'user_glasses', 'char1:61120d98db56437ab5b54b2700944c920be1d674', '{}'),
	(154, 'user_ears', 'char1:61120d98db56437ab5b54b2700944c920be1d674', '{}'),
	(155, 'user_helmet', 'char1:61120d98db56437ab5b54b2700944c920be1d674', '{}'),
	(156, 'user_mask', 'char1:e96abd16fde2d0efd5ad771cf6efd2fcf6629cb7', '{}'),
	(157, 'property', 'char1:e96abd16fde2d0efd5ad771cf6efd2fcf6629cb7', '{}'),
	(158, 'user_glasses', 'char1:e96abd16fde2d0efd5ad771cf6efd2fcf6629cb7', '{}'),
	(159, 'user_ears', 'char1:e96abd16fde2d0efd5ad771cf6efd2fcf6629cb7', '{}'),
	(160, 'user_helmet', 'char1:e96abd16fde2d0efd5ad771cf6efd2fcf6629cb7', '{}'),
	(166, 'property', NULL, '{}'),
	(167, 'property', NULL, '{}'),
	(168, 'property', NULL, '{}'),
	(169, 'property', NULL, '{}'),
	(170, 'property', NULL, '{}'),
	(171, 'property', NULL, '{}'),
	(172, 'property', NULL, '{}'),
	(173, 'property', NULL, '{}'),
	(174, 'property', NULL, '{}'),
	(175, 'property', NULL, '{}'),
	(176, 'property', NULL, '{}'),
	(177, 'property', 'char3:ab78a3abe48d946285cfd056f853fec26ade0d80', '{}'),
	(178, 'user_mask', 'char3:ab78a3abe48d946285cfd056f853fec26ade0d80', '{}'),
	(179, 'user_glasses', 'char3:ab78a3abe48d946285cfd056f853fec26ade0d80', '{}'),
	(180, 'user_ears', 'char3:ab78a3abe48d946285cfd056f853fec26ade0d80', '{}'),
	(181, 'user_helmet', 'char3:ab78a3abe48d946285cfd056f853fec26ade0d80', '{}'),
	(182, 'property', 'char2:30a451c8d7ddd011d5d6d452746b9141f90ca9fd', '{}'),
	(183, 'user_mask', 'char2:30a451c8d7ddd011d5d6d452746b9141f90ca9fd', '{}'),
	(184, 'user_glasses', 'char2:30a451c8d7ddd011d5d6d452746b9141f90ca9fd', '{}'),
	(185, 'user_ears', 'char2:30a451c8d7ddd011d5d6d452746b9141f90ca9fd', '{}'),
	(186, 'user_helmet', 'char2:30a451c8d7ddd011d5d6d452746b9141f90ca9fd', '{}'),
	(187, 'property', 'char1:e81dad9cdf9c700da5f23be608826eb33f8be62f', '{}'),
	(188, 'user_mask', 'char1:e81dad9cdf9c700da5f23be608826eb33f8be62f', '{}'),
	(189, 'user_glasses', 'char1:e81dad9cdf9c700da5f23be608826eb33f8be62f', '{}'),
	(190, 'user_ears', 'char1:e81dad9cdf9c700da5f23be608826eb33f8be62f', '{}'),
	(191, 'user_helmet', 'char1:e81dad9cdf9c700da5f23be608826eb33f8be62f', '{}'),
	(192, 'property', 'char3:910de34dd4c41a07eec0e1d8fb6302a1769e81fd', '{}'),
	(193, 'user_mask', 'char3:910de34dd4c41a07eec0e1d8fb6302a1769e81fd', '{}'),
	(194, 'user_glasses', 'char3:910de34dd4c41a07eec0e1d8fb6302a1769e81fd', '{}'),
	(195, 'user_ears', 'char3:910de34dd4c41a07eec0e1d8fb6302a1769e81fd', '{}'),
	(196, 'user_helmet', 'char3:910de34dd4c41a07eec0e1d8fb6302a1769e81fd', '{}'),
	(197, 'property', NULL, '{}'),
	(198, 'property', NULL, '{}'),
	(199, 'property', 'char1:30a451c8d7ddd011d5d6d452746b9141f90ca9fd', '{}'),
	(200, 'user_mask', 'char1:30a451c8d7ddd011d5d6d452746b9141f90ca9fd', '{}'),
	(201, 'user_glasses', 'char1:30a451c8d7ddd011d5d6d452746b9141f90ca9fd', '{}'),
	(202, 'user_ears', 'char1:30a451c8d7ddd011d5d6d452746b9141f90ca9fd', '{}'),
	(203, 'user_helmet', 'char1:30a451c8d7ddd011d5d6d452746b9141f90ca9fd', '{}'),
	(204, 'property', NULL, '{}'),
	(205, 'property', 'char4:910de34dd4c41a07eec0e1d8fb6302a1769e81fd', '{}'),
	(206, 'user_mask', 'char4:910de34dd4c41a07eec0e1d8fb6302a1769e81fd', '{}'),
	(207, 'user_glasses', 'char4:910de34dd4c41a07eec0e1d8fb6302a1769e81fd', '{}'),
	(208, 'user_ears', 'char4:910de34dd4c41a07eec0e1d8fb6302a1769e81fd', '{}'),
	(209, 'user_helmet', 'char4:910de34dd4c41a07eec0e1d8fb6302a1769e81fd', '{}'),
	(210, 'property', 'char1:64296834c05cc28357959c0ffed49f9f51a449d2', '{}'),
	(211, 'user_mask', 'char1:64296834c05cc28357959c0ffed49f9f51a449d2', '{}'),
	(212, 'user_glasses', 'char1:64296834c05cc28357959c0ffed49f9f51a449d2', '{}'),
	(213, 'user_ears', 'char1:64296834c05cc28357959c0ffed49f9f51a449d2', '{}'),
	(214, 'user_helmet', 'char1:64296834c05cc28357959c0ffed49f9f51a449d2', '{}'),
	(215, 'property', 'char1:4431c5ed1c390c0b4edcb46af334ed4885e050bf', '{}'),
	(216, 'user_mask', 'char1:4431c5ed1c390c0b4edcb46af334ed4885e050bf', '{}'),
	(217, 'user_glasses', 'char1:4431c5ed1c390c0b4edcb46af334ed4885e050bf', '{}'),
	(218, 'user_ears', 'char1:4431c5ed1c390c0b4edcb46af334ed4885e050bf', '{}'),
	(219, 'user_helmet', 'char1:4431c5ed1c390c0b4edcb46af334ed4885e050bf', '{}'),
	(220, 'user_mask', 'char2:4431c5ed1c390c0b4edcb46af334ed4885e050bf', '{}'),
	(221, 'user_glasses', 'char2:4431c5ed1c390c0b4edcb46af334ed4885e050bf', '{}'),
	(222, 'user_ears', 'char2:4431c5ed1c390c0b4edcb46af334ed4885e050bf', '{}'),
	(223, 'property', 'char2:4431c5ed1c390c0b4edcb46af334ed4885e050bf', '{}'),
	(224, 'user_helmet', 'char2:4431c5ed1c390c0b4edcb46af334ed4885e050bf', '{}'),
	(225, 'property', 'char1:367f6ab3ad9c843ad9734554f457bf2c99ab5270', '{}'),
	(226, 'user_mask', 'char1:367f6ab3ad9c843ad9734554f457bf2c99ab5270', '{}'),
	(227, 'user_glasses', 'char1:367f6ab3ad9c843ad9734554f457bf2c99ab5270', '{}'),
	(228, 'user_ears', 'char1:367f6ab3ad9c843ad9734554f457bf2c99ab5270', '{}'),
	(229, 'user_helmet', 'char1:367f6ab3ad9c843ad9734554f457bf2c99ab5270', '{}'),
	(230, 'property', 'char1:28215f9ec48918cd8dbebd85a21287d3f154508b', '{}'),
	(231, 'user_mask', 'char1:28215f9ec48918cd8dbebd85a21287d3f154508b', '{}'),
	(232, 'user_glasses', 'char1:28215f9ec48918cd8dbebd85a21287d3f154508b', '{}'),
	(233, 'user_ears', 'char1:28215f9ec48918cd8dbebd85a21287d3f154508b', '{}'),
	(234, 'user_helmet', 'char1:28215f9ec48918cd8dbebd85a21287d3f154508b', '{}'),
	(235, 'property', 'char1:770172702d31a6f2b3519f1ed44281a13fd1fef9', '{}'),
	(236, 'user_mask', 'char1:770172702d31a6f2b3519f1ed44281a13fd1fef9', '{}'),
	(237, 'user_glasses', 'char1:770172702d31a6f2b3519f1ed44281a13fd1fef9', '{}'),
	(238, 'user_ears', 'char1:770172702d31a6f2b3519f1ed44281a13fd1fef9', '{}'),
	(239, 'user_helmet', 'char1:770172702d31a6f2b3519f1ed44281a13fd1fef9', '{}'),
	(240, 'property', 'char1:4fb369eee297a2ae559b93b3a3746172de426420', '{}'),
	(241, 'user_mask', 'char1:4fb369eee297a2ae559b93b3a3746172de426420', '{}'),
	(242, 'user_glasses', 'char1:4fb369eee297a2ae559b93b3a3746172de426420', '{}'),
	(243, 'user_helmet', 'char1:4fb369eee297a2ae559b93b3a3746172de426420', '{}'),
	(244, 'user_ears', 'char1:4fb369eee297a2ae559b93b3a3746172de426420', '{}'),
	(245, 'property', 'char1:2e29fe996ff78295435d014786b4469bcaeb2811', '{}'),
	(246, 'user_mask', 'char1:2e29fe996ff78295435d014786b4469bcaeb2811', '{}'),
	(247, 'user_glasses', 'char1:2e29fe996ff78295435d014786b4469bcaeb2811', '{}'),
	(248, 'user_ears', 'char1:2e29fe996ff78295435d014786b4469bcaeb2811', '{}'),
	(249, 'user_helmet', 'char1:2e29fe996ff78295435d014786b4469bcaeb2811', '{}'),
	(250, 'property', 'char1:6c3bb045ee8ea887fb21a0e09418264069db9e81', '{}'),
	(251, 'user_mask', 'char1:6c3bb045ee8ea887fb21a0e09418264069db9e81', '{}'),
	(252, 'user_glasses', 'char1:6c3bb045ee8ea887fb21a0e09418264069db9e81', '{}'),
	(253, 'user_ears', 'char1:6c3bb045ee8ea887fb21a0e09418264069db9e81', '{}'),
	(254, 'user_helmet', 'char1:6c3bb045ee8ea887fb21a0e09418264069db9e81', '{}'),
	(255, 'property', 'char1:efa4d5f4901900b998ef1d9cb6ae6055bed44151', '{}'),
	(256, 'user_mask', 'char1:efa4d5f4901900b998ef1d9cb6ae6055bed44151', '{}'),
	(257, 'user_glasses', 'char1:efa4d5f4901900b998ef1d9cb6ae6055bed44151', '{}'),
	(258, 'user_ears', 'char1:efa4d5f4901900b998ef1d9cb6ae6055bed44151', '{}'),
	(259, 'user_helmet', 'char1:efa4d5f4901900b998ef1d9cb6ae6055bed44151', '{}'),
	(260, 'property', 'char1:9441698fdd714f970e9250abf9a70c289f2fe5e6', '{}'),
	(261, 'user_mask', 'char1:9441698fdd714f970e9250abf9a70c289f2fe5e6', '{}'),
	(262, 'user_ears', 'char1:9441698fdd714f970e9250abf9a70c289f2fe5e6', '{}'),
	(263, 'user_glasses', 'char1:9441698fdd714f970e9250abf9a70c289f2fe5e6', '{}'),
	(264, 'user_helmet', 'char1:9441698fdd714f970e9250abf9a70c289f2fe5e6', '{}'),
	(265, 'property', 'char1:ede52aae28268f48cf94c668f46a2cce7ad35366', '{}'),
	(266, 'user_mask', 'char1:ede52aae28268f48cf94c668f46a2cce7ad35366', '{}'),
	(267, 'user_glasses', 'char1:ede52aae28268f48cf94c668f46a2cce7ad35366', '{}'),
	(268, 'user_ears', 'char1:ede52aae28268f48cf94c668f46a2cce7ad35366', '{}'),
	(269, 'user_helmet', 'char1:ede52aae28268f48cf94c668f46a2cce7ad35366', '{}'),
	(270, 'user_ears', 'char1:3c520e2bd6163452e7ee944524067a62ebca6cfe', '{}'),
	(271, 'user_mask', 'char1:3c520e2bd6163452e7ee944524067a62ebca6cfe', '{}'),
	(272, 'property', 'char1:3c520e2bd6163452e7ee944524067a62ebca6cfe', '{}'),
	(273, 'user_glasses', 'char1:3c520e2bd6163452e7ee944524067a62ebca6cfe', '{}'),
	(274, 'user_helmet', 'char1:3c520e2bd6163452e7ee944524067a62ebca6cfe', '{}'),
	(275, 'property', 'char1:31d0272fbfb0a8851de8a87a3e53d43496f801b9', '{}'),
	(276, 'user_mask', 'char1:31d0272fbfb0a8851de8a87a3e53d43496f801b9', '{}'),
	(277, 'user_glasses', 'char1:31d0272fbfb0a8851de8a87a3e53d43496f801b9', '{}'),
	(278, 'user_helmet', 'char1:31d0272fbfb0a8851de8a87a3e53d43496f801b9', '{}'),
	(279, 'user_ears', 'char1:31d0272fbfb0a8851de8a87a3e53d43496f801b9', '{}'),
	(280, 'property', 'char1:45da3846a3840111ce256963f2117a58165c3799', '{}'),
	(281, 'user_glasses', 'char1:45da3846a3840111ce256963f2117a58165c3799', '{}'),
	(282, 'user_ears', 'char1:45da3846a3840111ce256963f2117a58165c3799', '{}'),
	(283, 'user_mask', 'char1:45da3846a3840111ce256963f2117a58165c3799', '{}'),
	(284, 'user_helmet', 'char1:45da3846a3840111ce256963f2117a58165c3799', '{}'),
	(285, 'property', 'char1:3454db5abae27cc66cfd3aa7d9978aacdcd5676c', '{}'),
	(286, 'user_mask', 'char1:3454db5abae27cc66cfd3aa7d9978aacdcd5676c', '{}'),
	(287, 'user_glasses', 'char1:3454db5abae27cc66cfd3aa7d9978aacdcd5676c', '{}'),
	(288, 'user_ears', 'char1:3454db5abae27cc66cfd3aa7d9978aacdcd5676c', '{}'),
	(289, 'user_helmet', 'char1:3454db5abae27cc66cfd3aa7d9978aacdcd5676c', '{}'),
	(290, 'property', 'char1:ec6007fda6dc7a3d87ac7b294742ad673df848e4', '{}'),
	(291, 'user_mask', 'char1:ec6007fda6dc7a3d87ac7b294742ad673df848e4', '{}'),
	(292, 'user_glasses', 'char1:ec6007fda6dc7a3d87ac7b294742ad673df848e4', '{}'),
	(293, 'user_ears', 'char1:ec6007fda6dc7a3d87ac7b294742ad673df848e4', '{}'),
	(294, 'user_helmet', 'char1:ec6007fda6dc7a3d87ac7b294742ad673df848e4', '{}'),
	(295, 'property', NULL, '{}'),
	(296, 'property', NULL, '{}'),
	(297, 'user_mask', 'char1:435982c4cd0ddc795a0a29b421fcb831988e23df', '{}'),
	(298, 'user_glasses', 'char1:435982c4cd0ddc795a0a29b421fcb831988e23df', '{}'),
	(299, 'user_ears', 'char1:435982c4cd0ddc795a0a29b421fcb831988e23df', '{}'),
	(300, 'property', 'char1:435982c4cd0ddc795a0a29b421fcb831988e23df', '{}'),
	(301, 'user_helmet', 'char1:435982c4cd0ddc795a0a29b421fcb831988e23df', '{}'),
	(302, 'property', 'char1:610c157e711b77cb86601588b32acdafb802fbe0', '{}'),
	(303, 'user_mask', 'char1:610c157e711b77cb86601588b32acdafb802fbe0', '{}'),
	(304, 'user_glasses', 'char1:610c157e711b77cb86601588b32acdafb802fbe0', '{}'),
	(305, 'user_ears', 'char1:610c157e711b77cb86601588b32acdafb802fbe0', '{}'),
	(306, 'user_helmet', 'char1:610c157e711b77cb86601588b32acdafb802fbe0', '{}'),
	(307, 'property', 'char1:b2cb5240e0b7f88c6c88e47b37629c76b5059843', '{}'),
	(308, 'user_mask', 'char1:b2cb5240e0b7f88c6c88e47b37629c76b5059843', '{}'),
	(309, 'user_glasses', 'char1:b2cb5240e0b7f88c6c88e47b37629c76b5059843', '{}'),
	(310, 'user_ears', 'char1:b2cb5240e0b7f88c6c88e47b37629c76b5059843', '{}'),
	(311, 'user_helmet', 'char1:b2cb5240e0b7f88c6c88e47b37629c76b5059843', '{}'),
	(312, 'user_helmet', 'char1:05d1bc03ec0d896fe6dfd5736228f3a915058ddc', '{}'),
	(313, 'user_glasses', 'char1:05d1bc03ec0d896fe6dfd5736228f3a915058ddc', '{}'),
	(314, 'user_mask', 'char1:05d1bc03ec0d896fe6dfd5736228f3a915058ddc', '{}'),
	(315, 'property', 'char1:05d1bc03ec0d896fe6dfd5736228f3a915058ddc', '{}'),
	(316, 'user_ears', 'char1:05d1bc03ec0d896fe6dfd5736228f3a915058ddc', '{}'),
	(317, 'user_ears', 'char1:7662a45189a8912f33e300c30aa3ec7967337242', '{}'),
	(318, 'user_helmet', 'char1:7662a45189a8912f33e300c30aa3ec7967337242', '{}'),
	(319, 'user_mask', 'char1:7662a45189a8912f33e300c30aa3ec7967337242', '{}'),
	(320, 'user_glasses', 'char1:7662a45189a8912f33e300c30aa3ec7967337242', '{}'),
	(321, 'property', 'char1:7662a45189a8912f33e300c30aa3ec7967337242', '{}'),
	(322, 'property', 'char1:e8938bd4a62ae5eb80bfba20c471af31d72538a2', '{}'),
	(323, 'user_mask', 'char1:e8938bd4a62ae5eb80bfba20c471af31d72538a2', '{}'),
	(324, 'user_glasses', 'char1:e8938bd4a62ae5eb80bfba20c471af31d72538a2', '{}'),
	(325, 'user_ears', 'char1:e8938bd4a62ae5eb80bfba20c471af31d72538a2', '{}'),
	(326, 'user_helmet', 'char1:e8938bd4a62ae5eb80bfba20c471af31d72538a2', '{}'),
	(327, 'property', 'char1:aad0f57f52d9d6951e649fee98fffaf0b223cef6', '{}'),
	(328, 'user_ears', 'char1:aad0f57f52d9d6951e649fee98fffaf0b223cef6', '{}'),
	(329, 'user_helmet', 'char1:aad0f57f52d9d6951e649fee98fffaf0b223cef6', '{}'),
	(330, 'user_mask', 'char1:aad0f57f52d9d6951e649fee98fffaf0b223cef6', '{}'),
	(331, 'user_glasses', 'char1:aad0f57f52d9d6951e649fee98fffaf0b223cef6', '{}'),
	(332, 'property', 'char1:1e71f6ae32bc6e2efc5691d4ff5507017680cc05', '{}'),
	(333, 'user_mask', 'char1:1e71f6ae32bc6e2efc5691d4ff5507017680cc05', '{}'),
	(334, 'user_glasses', 'char1:1e71f6ae32bc6e2efc5691d4ff5507017680cc05', '{}'),
	(335, 'user_ears', 'char1:1e71f6ae32bc6e2efc5691d4ff5507017680cc05', '{}'),
	(336, 'user_helmet', 'char1:1e71f6ae32bc6e2efc5691d4ff5507017680cc05', '{}'),
	(337, 'user_helmet', 'char1:61b2919e6c6fbe99ebbe199c3b03b068145ef478', '{}'),
	(338, 'user_ears', 'char1:61b2919e6c6fbe99ebbe199c3b03b068145ef478', '{}'),
	(339, 'user_mask', 'char1:61b2919e6c6fbe99ebbe199c3b03b068145ef478', '{}'),
	(340, 'user_glasses', 'char1:61b2919e6c6fbe99ebbe199c3b03b068145ef478', '{}'),
	(341, 'property', 'char1:61b2919e6c6fbe99ebbe199c3b03b068145ef478', '{}'),
	(342, 'user_glasses', 'char4:010c2dfe91b5c0dbd046872a7cdecdc7296172de', '{}'),
	(343, 'property', 'char4:010c2dfe91b5c0dbd046872a7cdecdc7296172de', '{}'),
	(344, 'user_ears', 'char4:010c2dfe91b5c0dbd046872a7cdecdc7296172de', '{}'),
	(345, 'user_helmet', 'char4:010c2dfe91b5c0dbd046872a7cdecdc7296172de', '{}'),
	(346, 'user_mask', 'char4:010c2dfe91b5c0dbd046872a7cdecdc7296172de', '{}'),
	(347, 'property', 'char1:16de870f9971f75ca26b2ef8f261ad5b6af70dd8', '{}'),
	(348, 'user_mask', 'char1:16de870f9971f75ca26b2ef8f261ad5b6af70dd8', '{}'),
	(349, 'user_glasses', 'char1:16de870f9971f75ca26b2ef8f261ad5b6af70dd8', '{}'),
	(350, 'user_ears', 'char1:16de870f9971f75ca26b2ef8f261ad5b6af70dd8', '{}'),
	(351, 'user_helmet', 'char1:16de870f9971f75ca26b2ef8f261ad5b6af70dd8', '{}'),
	(352, 'property', NULL, '{}'),
	(353, 'property', NULL, '{}'),
	(354, 'property', NULL, '{}'),
	(355, 'user_glasses', 'char1:d963e330833c3069938c47ce409802242a842669', '{}'),
	(356, 'user_mask', 'char1:d963e330833c3069938c47ce409802242a842669', '{}'),
	(357, 'property', 'char1:d963e330833c3069938c47ce409802242a842669', '{}'),
	(358, 'user_helmet', 'char1:d963e330833c3069938c47ce409802242a842669', '{}'),
	(359, 'user_ears', 'char1:d963e330833c3069938c47ce409802242a842669', '{}'),
	(360, 'property', 'char1:76ab773825a6d5b95a9c52dd082e9bf8eb43a4f3', '{}'),
	(361, 'user_mask', 'char1:76ab773825a6d5b95a9c52dd082e9bf8eb43a4f3', '{}'),
	(362, 'user_glasses', 'char1:76ab773825a6d5b95a9c52dd082e9bf8eb43a4f3', '{}'),
	(363, 'user_ears', 'char1:76ab773825a6d5b95a9c52dd082e9bf8eb43a4f3', '{}'),
	(364, 'user_helmet', 'char1:76ab773825a6d5b95a9c52dd082e9bf8eb43a4f3', '{}'),
	(365, 'property', NULL, '{}'),
	(366, 'user_mask', 'char1:21b7a3bbd6884e3d7edef1d846874be07c0095ed', '{}'),
	(367, 'property', 'char1:21b7a3bbd6884e3d7edef1d846874be07c0095ed', '{}'),
	(368, 'user_ears', 'char1:21b7a3bbd6884e3d7edef1d846874be07c0095ed', '{}'),
	(369, 'user_helmet', 'char1:21b7a3bbd6884e3d7edef1d846874be07c0095ed', '{}'),
	(370, 'user_glasses', 'char1:21b7a3bbd6884e3d7edef1d846874be07c0095ed', '{}'),
	(371, 'property', 'char1:b653eee150914c87ff4016a65f613b1642f920ad', '{}'),
	(372, 'user_mask', 'char1:b653eee150914c87ff4016a65f613b1642f920ad', '{}'),
	(373, 'user_glasses', 'char1:b653eee150914c87ff4016a65f613b1642f920ad', '{}'),
	(374, 'user_ears', 'char1:b653eee150914c87ff4016a65f613b1642f920ad', '{}'),
	(375, 'user_helmet', 'char1:b653eee150914c87ff4016a65f613b1642f920ad', '{}'),
	(376, 'user_glasses', 'char1:3f163fea5bd3a27945cb2979002e3215005487db', '{}'),
	(377, 'user_mask', 'char1:3f163fea5bd3a27945cb2979002e3215005487db', '{}'),
	(378, 'user_ears', 'char1:3f163fea5bd3a27945cb2979002e3215005487db', '{}'),
	(379, 'property', 'char1:3f163fea5bd3a27945cb2979002e3215005487db', '{}'),
	(380, 'user_helmet', 'char1:3f163fea5bd3a27945cb2979002e3215005487db', '{}'),
	(381, 'property', 'char1:8662d148e17b7798299e2599bcbbf93df1ffc0df', '{}'),
	(382, 'user_mask', 'char1:8662d148e17b7798299e2599bcbbf93df1ffc0df', '{}'),
	(383, 'user_glasses', 'char1:8662d148e17b7798299e2599bcbbf93df1ffc0df', '{}'),
	(384, 'user_helmet', 'char1:8662d148e17b7798299e2599bcbbf93df1ffc0df', '{}'),
	(385, 'user_ears', 'char1:8662d148e17b7798299e2599bcbbf93df1ffc0df', '{}'),
	(386, 'property', 'char1:578c996ff11d8107ae9cd8d52975cc929cfe1846', '{}'),
	(387, 'user_mask', 'char1:578c996ff11d8107ae9cd8d52975cc929cfe1846', '{}'),
	(388, 'user_ears', 'char1:578c996ff11d8107ae9cd8d52975cc929cfe1846', '{}'),
	(389, 'user_helmet', 'char1:578c996ff11d8107ae9cd8d52975cc929cfe1846', '{}'),
	(390, 'user_glasses', 'char1:578c996ff11d8107ae9cd8d52975cc929cfe1846', '{}'),
	(391, 'user_glasses', 'char1:3da86ab1a3946e49fa9a196d25fefd1144ad6f61', '{}'),
	(392, 'property', 'char1:3da86ab1a3946e49fa9a196d25fefd1144ad6f61', '{}'),
	(393, 'user_ears', 'char1:3da86ab1a3946e49fa9a196d25fefd1144ad6f61', '{}'),
	(394, 'user_mask', 'char1:3da86ab1a3946e49fa9a196d25fefd1144ad6f61', '{}'),
	(395, 'user_helmet', 'char1:3da86ab1a3946e49fa9a196d25fefd1144ad6f61', '{}'),
	(396, 'property', 'char1:1b5a39c2d07f885a6f3ee03617fb72acf3ad871f', '{}'),
	(397, 'user_mask', 'char1:1b5a39c2d07f885a6f3ee03617fb72acf3ad871f', '{}'),
	(398, 'user_glasses', 'char1:1b5a39c2d07f885a6f3ee03617fb72acf3ad871f', '{}'),
	(399, 'user_ears', 'char1:1b5a39c2d07f885a6f3ee03617fb72acf3ad871f', '{}'),
	(400, 'user_helmet', 'char1:1b5a39c2d07f885a6f3ee03617fb72acf3ad871f', '{}'),
	(401, 'property', 'char1:6fd1b856323433ca8e974c916c72f19e818b4bb5', '{}'),
	(402, 'user_mask', 'char1:6fd1b856323433ca8e974c916c72f19e818b4bb5', '{}'),
	(403, 'user_glasses', 'char1:6fd1b856323433ca8e974c916c72f19e818b4bb5', '{}'),
	(404, 'user_ears', 'char1:6fd1b856323433ca8e974c916c72f19e818b4bb5', '{}'),
	(405, 'user_helmet', 'char1:6fd1b856323433ca8e974c916c72f19e818b4bb5', '{}'),
	(406, 'property', 'char1:af9cd23a8e13bdaba90fa6bdaeb91054dd2cbec7', '{}'),
	(407, 'user_mask', 'char1:af9cd23a8e13bdaba90fa6bdaeb91054dd2cbec7', '{}'),
	(408, 'user_helmet', 'char1:af9cd23a8e13bdaba90fa6bdaeb91054dd2cbec7', '{}'),
	(409, 'user_ears', 'char1:af9cd23a8e13bdaba90fa6bdaeb91054dd2cbec7', '{}'),
	(410, 'user_glasses', 'char1:af9cd23a8e13bdaba90fa6bdaeb91054dd2cbec7', '{}'),
	(411, 'property', 'char1:bc7a5a46b54329fdb306101f22b44ba695759e65', '{}'),
	(412, 'user_mask', 'char1:bc7a5a46b54329fdb306101f22b44ba695759e65', '{}'),
	(413, 'user_glasses', 'char1:bc7a5a46b54329fdb306101f22b44ba695759e65', '{}'),
	(414, 'user_ears', 'char1:bc7a5a46b54329fdb306101f22b44ba695759e65', '{}'),
	(415, 'user_helmet', 'char1:bc7a5a46b54329fdb306101f22b44ba695759e65', '{}'),
	(416, 'user_mask', 'char1:f2aba8944ed751469786d5653c3e358977301ebd', '{}'),
	(417, 'user_glasses', 'char1:f2aba8944ed751469786d5653c3e358977301ebd', '{}'),
	(418, 'property', 'char1:f2aba8944ed751469786d5653c3e358977301ebd', '{}'),
	(419, 'user_helmet', 'char1:f2aba8944ed751469786d5653c3e358977301ebd', '{}'),
	(420, 'user_ears', 'char1:f2aba8944ed751469786d5653c3e358977301ebd', '{}'),
	(421, 'property', 'char1:2e981157bb3014ba2df86ae75077580ee6dedb0d', '{}'),
	(422, 'user_mask', 'char1:2e981157bb3014ba2df86ae75077580ee6dedb0d', '{}'),
	(423, 'user_glasses', 'char1:2e981157bb3014ba2df86ae75077580ee6dedb0d', '{}'),
	(424, 'user_ears', 'char1:2e981157bb3014ba2df86ae75077580ee6dedb0d', '{}'),
	(425, 'user_helmet', 'char1:2e981157bb3014ba2df86ae75077580ee6dedb0d', '{}'),
	(426, 'property', 'char1:329b28f8c944bba54308061ca2dd577316c060fa', '{}'),
	(427, 'user_mask', 'char1:329b28f8c944bba54308061ca2dd577316c060fa', '{}'),
	(428, 'user_glasses', 'char1:329b28f8c944bba54308061ca2dd577316c060fa', '{}'),
	(429, 'user_ears', 'char1:329b28f8c944bba54308061ca2dd577316c060fa', '{}'),
	(430, 'user_helmet', 'char1:329b28f8c944bba54308061ca2dd577316c060fa', '{}'),
	(431, 'property', 'char1:f40557ee7b2f7fcd16d99495a85365b06b42d5b0', '{}'),
	(432, 'user_ears', 'char1:f40557ee7b2f7fcd16d99495a85365b06b42d5b0', '{}'),
	(433, 'user_glasses', 'char1:f40557ee7b2f7fcd16d99495a85365b06b42d5b0', '{}'),
	(434, 'user_mask', 'char1:f40557ee7b2f7fcd16d99495a85365b06b42d5b0', '{}'),
	(435, 'user_helmet', 'char1:f40557ee7b2f7fcd16d99495a85365b06b42d5b0', '{}'),
	(436, 'property', 'char1:c3ccfc9844fddc040d0ae5418c1ec732c5c928db', '{}'),
	(437, 'user_mask', 'char1:c3ccfc9844fddc040d0ae5418c1ec732c5c928db', '{}'),
	(438, 'user_glasses', 'char1:c3ccfc9844fddc040d0ae5418c1ec732c5c928db', '{}'),
	(439, 'user_ears', 'char1:c3ccfc9844fddc040d0ae5418c1ec732c5c928db', '{}'),
	(440, 'user_helmet', 'char1:c3ccfc9844fddc040d0ae5418c1ec732c5c928db', '{}'),
	(441, 'property', 'char1:c0840453a5f707e3520d3c74dbb47bb2b8731dfe', '{}'),
	(442, 'user_mask', 'char1:c0840453a5f707e3520d3c74dbb47bb2b8731dfe', '{}'),
	(443, 'user_glasses', 'char1:c0840453a5f707e3520d3c74dbb47bb2b8731dfe', '{}'),
	(444, 'user_ears', 'char1:c0840453a5f707e3520d3c74dbb47bb2b8731dfe', '{}'),
	(445, 'user_helmet', 'char1:c0840453a5f707e3520d3c74dbb47bb2b8731dfe', '{}'),
	(446, 'property', 'char1:507dc770b2798b376a730bbd8c68451e0167ad55', '{}'),
	(447, 'user_glasses', 'char1:507dc770b2798b376a730bbd8c68451e0167ad55', '{}'),
	(448, 'user_helmet', 'char1:507dc770b2798b376a730bbd8c68451e0167ad55', '{}'),
	(449, 'user_ears', 'char1:507dc770b2798b376a730bbd8c68451e0167ad55', '{}'),
	(450, 'user_mask', 'char1:507dc770b2798b376a730bbd8c68451e0167ad55', '{}'),
	(451, 'property', 'char1:2bb7dc1113a0dcc9f1ca5596c8a7457be07ba4a4', '{}'),
	(452, 'user_mask', 'char1:2bb7dc1113a0dcc9f1ca5596c8a7457be07ba4a4', '{}'),
	(453, 'user_glasses', 'char1:2bb7dc1113a0dcc9f1ca5596c8a7457be07ba4a4', '{}'),
	(454, 'user_ears', 'char1:2bb7dc1113a0dcc9f1ca5596c8a7457be07ba4a4', '{}'),
	(455, 'user_helmet', 'char1:2bb7dc1113a0dcc9f1ca5596c8a7457be07ba4a4', '{}'),
	(456, 'user_mask', 'char1:ec64c62b8a8043759e889f22f98401cc83438099', '{}'),
	(457, 'property', 'char1:ec64c62b8a8043759e889f22f98401cc83438099', '{}'),
	(458, 'user_glasses', 'char1:ec64c62b8a8043759e889f22f98401cc83438099', '{}'),
	(459, 'user_ears', 'char1:ec64c62b8a8043759e889f22f98401cc83438099', '{}'),
	(460, 'user_helmet', 'char1:ec64c62b8a8043759e889f22f98401cc83438099', '{}'),
	(461, 'property', 'char1:71ed6ed77c604ab060e5f981147d3ae4295da872', '{}'),
	(462, 'user_mask', 'char1:71ed6ed77c604ab060e5f981147d3ae4295da872', '{}'),
	(463, 'user_glasses', 'char1:71ed6ed77c604ab060e5f981147d3ae4295da872', '{}'),
	(464, 'user_ears', 'char1:71ed6ed77c604ab060e5f981147d3ae4295da872', '{}'),
	(465, 'user_helmet', 'char1:71ed6ed77c604ab060e5f981147d3ae4295da872', '{}'),
	(466, 'property', 'char1:cfe770b50c2857a9fed6c7227f3560722a4cc278', '{}'),
	(467, 'user_helmet', 'char1:cfe770b50c2857a9fed6c7227f3560722a4cc278', '{}'),
	(468, 'user_mask', 'char1:cfe770b50c2857a9fed6c7227f3560722a4cc278', '{}'),
	(469, 'user_glasses', 'char1:cfe770b50c2857a9fed6c7227f3560722a4cc278', '{}'),
	(470, 'user_ears', 'char1:cfe770b50c2857a9fed6c7227f3560722a4cc278', '{}'),
	(471, 'property', 'char1:72c6d67da37654326ae16b09f6042d9613e98d04', '{}'),
	(472, 'user_glasses', 'char1:72c6d67da37654326ae16b09f6042d9613e98d04', '{}'),
	(473, 'user_mask', 'char1:72c6d67da37654326ae16b09f6042d9613e98d04', '{}'),
	(474, 'user_ears', 'char1:72c6d67da37654326ae16b09f6042d9613e98d04', '{}'),
	(475, 'user_helmet', 'char1:72c6d67da37654326ae16b09f6042d9613e98d04', '{}'),
	(476, 'property', 'char1:4223f5b05c1203fd31c4aaffaa62763f4fdaff95', '{}'),
	(477, 'user_mask', 'char1:4223f5b05c1203fd31c4aaffaa62763f4fdaff95', '{}'),
	(478, 'user_glasses', 'char1:4223f5b05c1203fd31c4aaffaa62763f4fdaff95', '{}'),
	(479, 'user_ears', 'char1:4223f5b05c1203fd31c4aaffaa62763f4fdaff95', '{}'),
	(480, 'user_helmet', 'char1:4223f5b05c1203fd31c4aaffaa62763f4fdaff95', '{}'),
	(481, 'user_helmet', 'char1:4eb89caed8e660e766df4d1fb117064b143f9bb0', '{}'),
	(482, 'user_glasses', 'char1:4eb89caed8e660e766df4d1fb117064b143f9bb0', '{}'),
	(483, 'user_ears', 'char1:4eb89caed8e660e766df4d1fb117064b143f9bb0', '{}'),
	(484, 'property', 'char1:4eb89caed8e660e766df4d1fb117064b143f9bb0', '{}'),
	(485, 'user_mask', 'char1:4eb89caed8e660e766df4d1fb117064b143f9bb0', '{}'),
	(486, 'property', 'char1:e8ffef9b1288651df52704b82dae80b0ff1a3110', '{}'),
	(487, 'user_mask', 'char1:e8ffef9b1288651df52704b82dae80b0ff1a3110', '{}'),
	(488, 'user_glasses', 'char1:e8ffef9b1288651df52704b82dae80b0ff1a3110', '{}'),
	(489, 'user_ears', 'char1:e8ffef9b1288651df52704b82dae80b0ff1a3110', '{}'),
	(490, 'user_helmet', 'char1:e8ffef9b1288651df52704b82dae80b0ff1a3110', '{}'),
	(491, 'user_mask', 'char1:4255a50b66661c4b6ac96477e2604fe25c321f15', '{}'),
	(492, 'user_ears', 'char1:4255a50b66661c4b6ac96477e2604fe25c321f15', '{}'),
	(493, 'user_glasses', 'char1:4255a50b66661c4b6ac96477e2604fe25c321f15', '{}'),
	(494, 'property', 'char1:4255a50b66661c4b6ac96477e2604fe25c321f15', '{}'),
	(495, 'user_helmet', 'char1:4255a50b66661c4b6ac96477e2604fe25c321f15', '{}'),
	(496, 'property', 'char1:dc5538e65c94c77fbcb91eb614fb2d90e71b50bf', '{}'),
	(497, 'user_glasses', 'char1:dc5538e65c94c77fbcb91eb614fb2d90e71b50bf', '{}'),
	(498, 'user_mask', 'char1:dc5538e65c94c77fbcb91eb614fb2d90e71b50bf', '{}'),
	(499, 'user_ears', 'char1:dc5538e65c94c77fbcb91eb614fb2d90e71b50bf', '{}'),
	(500, 'user_helmet', 'char1:dc5538e65c94c77fbcb91eb614fb2d90e71b50bf', '{}'),
	(501, 'user_glasses', 'char1:85b369a19269b3edce73b456f2e5a70668394ea9', '{}'),
	(502, 'user_mask', 'char1:85b369a19269b3edce73b456f2e5a70668394ea9', '{}'),
	(503, 'property', 'char1:85b369a19269b3edce73b456f2e5a70668394ea9', '{}'),
	(504, 'user_helmet', 'char1:85b369a19269b3edce73b456f2e5a70668394ea9', '{}'),
	(505, 'user_ears', 'char1:85b369a19269b3edce73b456f2e5a70668394ea9', '{}'),
	(506, 'property', 'char1:da1182f16b2d078a2b988f40207d52973a2f79b7', '{}'),
	(507, 'user_mask', 'char1:da1182f16b2d078a2b988f40207d52973a2f79b7', '{}'),
	(508, 'user_glasses', 'char1:da1182f16b2d078a2b988f40207d52973a2f79b7', '{}'),
	(509, 'user_ears', 'char1:da1182f16b2d078a2b988f40207d52973a2f79b7', '{}'),
	(510, 'user_helmet', 'char1:da1182f16b2d078a2b988f40207d52973a2f79b7', '{}'),
	(511, 'property', 'char1:0d1cf444640b8eec3ed49d54c1f261707f7c0062', '{}'),
	(512, 'user_mask', 'char1:0d1cf444640b8eec3ed49d54c1f261707f7c0062', '{}'),
	(513, 'user_ears', 'char1:0d1cf444640b8eec3ed49d54c1f261707f7c0062', '{}'),
	(514, 'user_glasses', 'char1:0d1cf444640b8eec3ed49d54c1f261707f7c0062', '{}'),
	(515, 'user_helmet', 'char1:0d1cf444640b8eec3ed49d54c1f261707f7c0062', '{}'),
	(516, 'user_ears', 'char1:bc23a8a07d331cc24258bab0270ff36de59c3351', '{}'),
	(517, 'user_mask', 'char1:bc23a8a07d331cc24258bab0270ff36de59c3351', '{}'),
	(518, 'property', 'char1:bc23a8a07d331cc24258bab0270ff36de59c3351', '{}'),
	(519, 'user_glasses', 'char1:bc23a8a07d331cc24258bab0270ff36de59c3351', '{}'),
	(520, 'user_helmet', 'char1:bc23a8a07d331cc24258bab0270ff36de59c3351', '{}'),
	(521, 'property', 'char1:6ca4d026d7e4514e572e43e6f8e3763ffe1f5b4d', '{}'),
	(522, 'user_glasses', 'char1:6ca4d026d7e4514e572e43e6f8e3763ffe1f5b4d', '{}'),
	(523, 'user_helmet', 'char1:6ca4d026d7e4514e572e43e6f8e3763ffe1f5b4d', '{}'),
	(524, 'user_ears', 'char1:6ca4d026d7e4514e572e43e6f8e3763ffe1f5b4d', '{}'),
	(525, 'user_mask', 'char1:6ca4d026d7e4514e572e43e6f8e3763ffe1f5b4d', '{}'),
	(526, 'property', 'char1:fafaa4203a9fd42571a5e4b47e93c82b9088d373', '{}'),
	(527, 'user_mask', 'char1:fafaa4203a9fd42571a5e4b47e93c82b9088d373', '{}'),
	(528, 'user_ears', 'char1:fafaa4203a9fd42571a5e4b47e93c82b9088d373', '{}'),
	(529, 'user_helmet', 'char1:fafaa4203a9fd42571a5e4b47e93c82b9088d373', '{}'),
	(530, 'user_glasses', 'char1:fafaa4203a9fd42571a5e4b47e93c82b9088d373', '{}'),
	(531, 'property', 'char1:52c64867254e1819be979cc1e68c8c7457f7e542', '{}'),
	(532, 'user_mask', 'char1:52c64867254e1819be979cc1e68c8c7457f7e542', '{}'),
	(533, 'user_glasses', 'char1:52c64867254e1819be979cc1e68c8c7457f7e542', '{}'),
	(534, 'user_ears', 'char1:52c64867254e1819be979cc1e68c8c7457f7e542', '{}'),
	(535, 'user_helmet', 'char1:52c64867254e1819be979cc1e68c8c7457f7e542', '{}'),
	(536, 'property', 'char1:97b969263ae5b0229b3060e7c4f4822d1bcbb39a', '{}'),
	(537, 'user_mask', 'char1:97b969263ae5b0229b3060e7c4f4822d1bcbb39a', '{}'),
	(538, 'user_glasses', 'char1:97b969263ae5b0229b3060e7c4f4822d1bcbb39a', '{}'),
	(539, 'user_ears', 'char1:97b969263ae5b0229b3060e7c4f4822d1bcbb39a', '{}'),
	(540, 'user_helmet', 'char1:97b969263ae5b0229b3060e7c4f4822d1bcbb39a', '{}'),
	(541, 'property', 'char1:d0ba3b4f9b520367949fc7fe4c330efcd0a44aec', '{}'),
	(542, 'user_glasses', 'char1:d0ba3b4f9b520367949fc7fe4c330efcd0a44aec', '{}'),
	(543, 'user_mask', 'char1:d0ba3b4f9b520367949fc7fe4c330efcd0a44aec', '{}'),
	(544, 'user_helmet', 'char1:d0ba3b4f9b520367949fc7fe4c330efcd0a44aec', '{}'),
	(545, 'user_ears', 'char1:d0ba3b4f9b520367949fc7fe4c330efcd0a44aec', '{}'),
	(546, 'user_glasses', 'char1:447732492a69aa7664af74cdb6f9f2aac59e82e8', '{}'),
	(547, 'property', 'char1:447732492a69aa7664af74cdb6f9f2aac59e82e8', '{}'),
	(548, 'user_helmet', 'char1:447732492a69aa7664af74cdb6f9f2aac59e82e8', '{}'),
	(549, 'user_ears', 'char1:447732492a69aa7664af74cdb6f9f2aac59e82e8', '{}'),
	(550, 'user_mask', 'char1:447732492a69aa7664af74cdb6f9f2aac59e82e8', '{}'),
	(551, 'property', 'char1:a5f00acdaad04bac33671717f4bf84566dd03f51', '{}'),
	(552, 'user_mask', 'char1:a5f00acdaad04bac33671717f4bf84566dd03f51', '{}'),
	(553, 'user_glasses', 'char1:a5f00acdaad04bac33671717f4bf84566dd03f51', '{}'),
	(554, 'user_ears', 'char1:a5f00acdaad04bac33671717f4bf84566dd03f51', '{}'),
	(555, 'user_helmet', 'char1:a5f00acdaad04bac33671717f4bf84566dd03f51', '{}'),
	(556, 'user_mask', 'char1:f86206e379a063e99ec085e8eec7260faef6448b', '{}'),
	(557, 'property', 'char1:f86206e379a063e99ec085e8eec7260faef6448b', '{}'),
	(558, 'user_glasses', 'char1:f86206e379a063e99ec085e8eec7260faef6448b', '{}'),
	(559, 'user_ears', 'char1:f86206e379a063e99ec085e8eec7260faef6448b', '{}'),
	(560, 'user_helmet', 'char1:f86206e379a063e99ec085e8eec7260faef6448b', '{}'),
	(561, 'property', 'char1:645d2161aeee306e41544d004ff07a6320191bee', '{}'),
	(562, 'user_mask', 'char1:645d2161aeee306e41544d004ff07a6320191bee', '{}'),
	(563, 'user_helmet', 'char1:645d2161aeee306e41544d004ff07a6320191bee', '{}'),
	(564, 'user_glasses', 'char1:645d2161aeee306e41544d004ff07a6320191bee', '{}'),
	(565, 'user_ears', 'char1:645d2161aeee306e41544d004ff07a6320191bee', '{}');
/*!40000 ALTER TABLE `datastore_data` ENABLE KEYS */;

-- Dumping structure for taulu s4_kaupunkiffa.fine_types
CREATE TABLE IF NOT EXISTS `fine_types` (
  `id` int(11) NOT NULL AUTO_INCREMENT,
  `label` varchar(255) DEFAULT NULL,
  `amount` int(11) DEFAULT NULL,
  `category` int(11) DEFAULT NULL,
  PRIMARY KEY (`id`)
) ENGINE=InnoDB AUTO_INCREMENT=53 DEFAULT CHARSET=utf8;

-- Dumping data for table s4_kaupunkiffa.fine_types: ~52 rows (suunnilleen)
/*!40000 ALTER TABLE `fine_types` DISABLE KEYS */;
INSERT INTO `fine_types` (`id`, `label`, `amount`, `category`) VALUES
	(1, 'Misuse of a horn', 30, 0),
	(2, 'Illegally Crossing a continuous Line', 40, 0),
	(3, 'Driving on the wrong side of the road', 250, 0),
	(4, 'Illegal U-Turn', 250, 0),
	(5, 'Illegally Driving Off-road', 170, 0),
	(6, 'Refusing a Lawful Command', 30, 0),
	(7, 'Illegally Stopping a Vehicle', 150, 0),
	(8, 'Illegal Parking', 70, 0),
	(9, 'Failing to Yield to the right', 70, 0),
	(10, 'Failure to comply with Vehicle Information', 90, 0),
	(11, 'Failing to stop at a Stop Sign ', 105, 0),
	(12, 'Failing to stop at a Red Light', 130, 0),
	(13, 'Illegal Passing', 100, 0),
	(14, 'Driving an illegal Vehicle', 100, 0),
	(15, 'Driving without a License', 1500, 0),
	(16, 'Hit and Run', 800, 0),
	(17, 'Exceeding Speeds Over < 5 mph', 90, 0),
	(18, 'Exceeding Speeds Over 5-15 mph', 120, 0),
	(19, 'Exceeding Speeds Over 15-30 mph', 180, 0),
	(20, 'Exceeding Speeds Over > 30 mph', 300, 0),
	(21, 'Impeding traffic flow', 110, 1),
	(22, 'Public Intoxication', 90, 1),
	(23, 'Disorderly conduct', 90, 1),
	(24, 'Obstruction of Justice', 130, 1),
	(25, 'Insults towards Civilans', 75, 1),
	(26, 'Disrespecting of an LEO', 110, 1),
	(27, 'Verbal Threat towards a Civilan', 90, 1),
	(28, 'Verbal Threat towards an LEO', 150, 1),
	(29, 'Providing False Information', 250, 1),
	(30, 'Attempt of Corruption', 1500, 1),
	(31, 'Brandishing a weapon in city Limits', 120, 2),
	(32, 'Brandishing a Lethal Weapon in city Limits', 300, 2),
	(33, 'No Firearms License', 600, 2),
	(34, 'Possession of an Illegal Weapon', 700, 2),
	(35, 'Possession of Burglary Tools', 300, 2),
	(36, 'Grand Theft Auto', 1800, 2),
	(37, 'Intent to Sell/Distrube of an illegal Substance', 1500, 2),
	(38, 'Frabrication of an Illegal Substance', 1500, 2),
	(39, 'Possession of an Illegal Substance ', 650, 2),
	(40, 'Kidnapping of a Civilan', 1500, 2),
	(41, 'Kidnapping of an LEO', 2000, 2),
	(42, 'Robbery', 650, 2),
	(43, 'Armed Robbery of a Store', 650, 2),
	(44, 'Armed Robbery of a Bank', 1500, 2),
	(45, 'Assault on a Civilian', 2000, 3),
	(46, 'Assault of an LEO', 2500, 3),
	(47, 'Attempt of Murder of a Civilian', 3000, 3),
	(48, 'Attempt of Murder of an LEO', 5000, 3),
	(49, 'Murder of a Civilian', 10000, 3),
	(50, 'Murder of an LEO', 30000, 3),
	(51, 'Involuntary manslaughter', 1800, 3),
	(52, 'Fraud', 2000, 2);
/*!40000 ALTER TABLE `fine_types` ENABLE KEYS */;

-- Dumping structure for taulu s4_kaupunkiffa.items
CREATE TABLE IF NOT EXISTS `items` (
  `name` varchar(50) NOT NULL,
  `label` varchar(50) NOT NULL,
  `weight` int(11) NOT NULL DEFAULT 1,
  `rare` tinyint(4) NOT NULL DEFAULT 0,
  `can_remove` tinyint(4) NOT NULL DEFAULT 1,
  PRIMARY KEY (`name`)
) ENGINE=InnoDB DEFAULT CHARSET=utf8;

-- Dumping data for table s4_kaupunkiffa.items: ~33 rows (suunnilleen)
/*!40000 ALTER TABLE `items` DISABLE KEYS */;
INSERT INTO `items` (`name`, `label`, `weight`, `rare`, `can_remove`) VALUES
	('alive_chicken', 'Living chicken', 1, 0, 1),
	('bandage', 'Bandage', 2, 0, 1),
	('blowpipe', 'Blowtorch', 2, 0, 1),
	('bread', 'Bread', 1, 0, 1),
	('cannabis', 'Cannabis', 3, 0, 1),
	('carokit', 'Body Kit', 3, 0, 1),
	('carotool', 'Tools', 2, 0, 1),
	('clothe', 'Cloth', 1, 0, 1),
	('copper', 'Copper', 1, 0, 1),
	('cutted_wood', 'Cut wood', 1, 0, 1),
	('diamond', 'Diamond', 1, 0, 1),
	('essence', 'Gas', 1, 0, 1),
	('fabric', 'Fabric', 1, 0, 1),
	('fish', 'Fish', 1, 0, 1),
	('fixkit', 'Repair Kit', 3, 0, 1),
	('fixtool', 'Repair Tools', 2, 0, 1),
	('gazbottle', 'Gas Bottle', 2, 0, 1),
	('gold', 'Gold', 1, 0, 1),
	('iron', 'Iron', 1, 0, 1),
	('marijuana', 'Marijuana', 2, 0, 1),
	('medikit', 'Medikit', 2, 0, 1),
	('packaged_chicken', 'Chicken fillet', 1, 0, 1),
	('packaged_plank', 'Packaged wood', 1, 0, 1),
	('petrol', 'Oil', 1, 0, 1),
	('petrol_raffin', 'Processed oil', 1, 0, 1),
	('phone', 'Phone', 1, 0, 1),
	('radio', 'Radio', 1, 0, 1),
	('slaughtered_chicken', 'Slaughtered chicken', 1, 0, 1),
	('spray', 'Spray', 1, 1, 1),
	('spray_remover', 'Spray Remover', 1, 1, 1),
	('stone', 'Stone', 1, 0, 1),
	('washed_stone', 'Washed stone', 1, 0, 1),
	('water', 'Water', 1, 0, 1),
	('wood', 'Wood', 1, 0, 1),
	('wool', 'Wool', 1, 0, 1);
/*!40000 ALTER TABLE `items` ENABLE KEYS */;

-- Dumping structure for taulu s4_kaupunkiffa.jobs
CREATE TABLE IF NOT EXISTS `jobs` (
  `name` varchar(50) NOT NULL,
  `label` varchar(50) DEFAULT NULL,
  `whitelisted` tinyint(1) NOT NULL DEFAULT 0,
  PRIMARY KEY (`name`)
) ENGINE=InnoDB DEFAULT CHARSET=utf8;

-- Dumping data for table s4_kaupunkiffa.jobs: ~13 rows (suunnilleen)
/*!40000 ALTER TABLE `jobs` DISABLE KEYS */;
INSERT INTO `jobs` (`name`, `label`, `whitelisted`) VALUES
	('ambulance', 'EMS', 0),
	('banker', 'Banker', 0),
	('cardealer', 'Cardealer', 0),
	('fisherman', 'Fisherman', 0),
	('fueler', 'Fueler', 0),
	('lumberjack', 'Lumberjack', 0),
	('mechanic', 'Mechanic', 0),
	('miner', 'Miner', 0),
	('police', 'LSPD', 0),
	('reporter', 'Reporter', 0),
	('slaughterer', 'Butcher', 0),
	('tailor', 'Tailor', 0),
	('taxi', 'Taxi', 0),
	('unemployed', 'Unemployed', 0);
/*!40000 ALTER TABLE `jobs` ENABLE KEYS */;

-- Dumping structure for taulu s4_kaupunkiffa.job_grades
CREATE TABLE IF NOT EXISTS `job_grades` (
  `id` int(11) NOT NULL AUTO_INCREMENT,
  `job_name` varchar(50) DEFAULT NULL,
  `grade` int(11) NOT NULL,
  `name` varchar(50) NOT NULL,
  `label` varchar(50) NOT NULL,
  `salary` int(11) NOT NULL,
  `skin_male` longtext NOT NULL,
  `skin_female` longtext NOT NULL,
  PRIMARY KEY (`id`)
) ENGINE=InnoDB AUTO_INCREMENT=41 DEFAULT CHARSET=utf8;

-- Dumping data for table s4_kaupunkiffa.job_grades: ~36 rows (suunnilleen)
/*!40000 ALTER TABLE `job_grades` DISABLE KEYS */;
INSERT INTO `job_grades` (`id`, `job_name`, `grade`, `name`, `label`, `salary`, `skin_male`, `skin_female`) VALUES
	(1, 'unemployed', 0, 'unemployed', 'Unemployed', 200, '{}', '{}'),
	(2, 'police', 0, 'recruit', 'Recruit', 20, '{}', '{}'),
	(3, 'police', 1, 'officer', 'Officer', 40, '{}', '{}'),
	(4, 'police', 2, 'sergeant', 'Sergeant', 60, '{}', '{}'),
	(5, 'police', 3, 'lieutenant', 'Lieutenant', 85, '{}', '{}'),
	(6, 'police', 4, 'boss', 'Captain', 100, '{}', '{}'),
	(11, 'cardealer', 0, 'recruit', 'Recruit', 10, '{}', '{}'),
	(12, 'cardealer', 1, 'novice', 'Novice', 25, '{}', '{}'),
	(13, 'cardealer', 2, 'experienced', 'Experienced', 40, '{}', '{}'),
	(14, 'cardealer', 3, 'boss', 'Boss', 0, '{}', '{}'),
	(15, 'lumberjack', 0, 'employee', 'Employee', 0, '{}', '{}'),
	(16, 'fisherman', 0, 'employee', 'Employee', 0, '{}', '{}'),
	(17, 'fueler', 0, 'employee', 'Employee', 0, '{}', '{}'),
	(18, 'reporter', 0, 'employee', 'Employee', 0, '{}', '{}'),
	(19, 'tailor', 0, 'employee', 'Employee', 0, '{"mask_1":0,"arms":1,"glasses_1":0,"hair_color_2":4,"makeup_1":0,"face":19,"glasses":0,"mask_2":0,"makeup_3":0,"skin":29,"helmet_2":0,"lipstick_4":0,"sex":0,"torso_1":24,"makeup_2":0,"bags_2":0,"chain_2":0,"ears_1":-1,"bags_1":0,"bproof_1":0,"shoes_2":0,"lipstick_2":0,"chain_1":0,"tshirt_1":0,"eyebrows_3":0,"pants_2":0,"beard_4":0,"torso_2":0,"beard_2":6,"ears_2":0,"hair_2":0,"shoes_1":36,"tshirt_2":0,"beard_3":0,"hair_1":2,"hair_color_1":0,"pants_1":48,"helmet_1":-1,"bproof_2":0,"eyebrows_4":0,"eyebrows_2":0,"decals_1":0,"age_2":0,"beard_1":5,"shoes":10,"lipstick_1":0,"eyebrows_1":0,"glasses_2":0,"makeup_4":0,"decals_2":0,"lipstick_3":0,"age_1":0}', '{"mask_1":0,"arms":5,"glasses_1":5,"hair_color_2":4,"makeup_1":0,"face":19,"glasses":0,"mask_2":0,"makeup_3":0,"skin":29,"helmet_2":0,"lipstick_4":0,"sex":1,"torso_1":52,"makeup_2":0,"bags_2":0,"chain_2":0,"ears_1":-1,"bags_1":0,"bproof_1":0,"shoes_2":1,"lipstick_2":0,"chain_1":0,"tshirt_1":23,"eyebrows_3":0,"pants_2":0,"beard_4":0,"torso_2":0,"beard_2":6,"ears_2":0,"hair_2":0,"shoes_1":42,"tshirt_2":4,"beard_3":0,"hair_1":2,"hair_color_1":0,"pants_1":36,"helmet_1":-1,"bproof_2":0,"eyebrows_4":0,"eyebrows_2":0,"decals_1":0,"age_2":0,"beard_1":5,"shoes":10,"lipstick_1":0,"eyebrows_1":0,"glasses_2":0,"makeup_4":0,"decals_2":0,"lipstick_3":0,"age_1":0}'),
	(20, 'miner', 0, 'employee', 'Employee', 0, '{"tshirt_2":1,"ears_1":8,"glasses_1":15,"torso_2":0,"ears_2":2,"glasses_2":3,"shoes_2":1,"pants_1":75,"shoes_1":51,"bags_1":0,"helmet_2":0,"pants_2":7,"torso_1":71,"tshirt_1":59,"arms":2,"bags_2":0,"helmet_1":0}', '{}'),
	(21, 'slaughterer', 0, 'employee', 'Employee', 0, '{"age_1":0,"glasses_2":0,"beard_1":5,"decals_2":0,"beard_4":0,"shoes_2":0,"tshirt_2":0,"lipstick_2":0,"hair_2":0,"arms":67,"pants_1":36,"skin":29,"eyebrows_2":0,"shoes":10,"helmet_1":-1,"lipstick_1":0,"helmet_2":0,"hair_color_1":0,"glasses":0,"makeup_4":0,"makeup_1":0,"hair_1":2,"bproof_1":0,"bags_1":0,"mask_1":0,"lipstick_3":0,"chain_1":0,"eyebrows_4":0,"sex":0,"torso_1":56,"beard_2":6,"shoes_1":12,"decals_1":0,"face":19,"lipstick_4":0,"tshirt_1":15,"mask_2":0,"age_2":0,"eyebrows_3":0,"chain_2":0,"glasses_1":0,"ears_1":-1,"bags_2":0,"ears_2":0,"torso_2":0,"bproof_2":0,"makeup_2":0,"eyebrows_1":0,"makeup_3":0,"pants_2":0,"beard_3":0,"hair_color_2":4}', '{"age_1":0,"glasses_2":0,"beard_1":5,"decals_2":0,"beard_4":0,"shoes_2":0,"tshirt_2":0,"lipstick_2":0,"hair_2":0,"arms":72,"pants_1":45,"skin":29,"eyebrows_2":0,"shoes":10,"helmet_1":-1,"lipstick_1":0,"helmet_2":0,"hair_color_1":0,"glasses":0,"makeup_4":0,"makeup_1":0,"hair_1":2,"bproof_1":0,"bags_1":0,"mask_1":0,"lipstick_3":0,"chain_1":0,"eyebrows_4":0,"sex":1,"torso_1":49,"beard_2":6,"shoes_1":24,"decals_1":0,"face":19,"lipstick_4":0,"tshirt_1":9,"mask_2":0,"age_2":0,"eyebrows_3":0,"chain_2":0,"glasses_1":5,"ears_1":-1,"bags_2":0,"ears_2":0,"torso_2":0,"bproof_2":0,"makeup_2":0,"eyebrows_1":0,"makeup_3":0,"pants_2":0,"beard_3":0,"hair_color_2":4}'),
	(22, 'ambulance', 0, 'ambulance', 'Jr. EMT', 20, '{"tshirt_2":0,"hair_color_1":5,"glasses_2":3,"shoes":9,"torso_2":3,"hair_color_2":0,"pants_1":24,"glasses_1":4,"hair_1":2,"sex":0,"decals_2":0,"tshirt_1":15,"helmet_1":8,"helmet_2":0,"arms":92,"face":19,"decals_1":60,"torso_1":13,"hair_2":0,"skin":34,"pants_2":5}', '{"tshirt_2":3,"decals_2":0,"glasses":0,"hair_1":2,"torso_1":73,"shoes":1,"hair_color_2":0,"glasses_1":19,"skin":13,"face":6,"pants_2":5,"tshirt_1":75,"pants_1":37,"helmet_1":57,"torso_2":0,"arms":14,"sex":1,"glasses_2":0,"decals_1":0,"hair_2":0,"helmet_2":0,"hair_color_1":0}'),
	(23, 'ambulance', 1, 'doctor', 'EMT', 40, '{"tshirt_2":0,"hair_color_1":5,"glasses_2":3,"shoes":9,"torso_2":3,"hair_color_2":0,"pants_1":24,"glasses_1":4,"hair_1":2,"sex":0,"decals_2":0,"tshirt_1":15,"helmet_1":8,"helmet_2":0,"arms":92,"face":19,"decals_1":60,"torso_1":13,"hair_2":0,"skin":34,"pants_2":5}', '{"tshirt_2":3,"decals_2":0,"glasses":0,"hair_1":2,"torso_1":73,"shoes":1,"hair_color_2":0,"glasses_1":19,"skin":13,"face":6,"pants_2":5,"tshirt_1":75,"pants_1":37,"helmet_1":57,"torso_2":0,"arms":14,"sex":1,"glasses_2":0,"decals_1":0,"hair_2":0,"helmet_2":0,"hair_color_1":0}'),
	(24, 'ambulance', 2, 'chief_doctor', 'Sr. EMT', 60, '{"tshirt_2":0,"hair_color_1":5,"glasses_2":3,"shoes":9,"torso_2":3,"hair_color_2":0,"pants_1":24,"glasses_1":4,"hair_1":2,"sex":0,"decals_2":0,"tshirt_1":15,"helmet_1":8,"helmet_2":0,"arms":92,"face":19,"decals_1":60,"torso_1":13,"hair_2":0,"skin":34,"pants_2":5}', '{"tshirt_2":3,"decals_2":0,"glasses":0,"hair_1":2,"torso_1":73,"shoes":1,"hair_color_2":0,"glasses_1":19,"skin":13,"face":6,"pants_2":5,"tshirt_1":75,"pants_1":37,"helmet_1":57,"torso_2":0,"arms":14,"sex":1,"glasses_2":0,"decals_1":0,"hair_2":0,"helmet_2":0,"hair_color_1":0}'),
	(25, 'ambulance', 3, 'boss', 'EMT Supervisor', 80, '{"tshirt_2":0,"hair_color_1":5,"glasses_2":3,"shoes":9,"torso_2":3,"hair_color_2":0,"pants_1":24,"glasses_1":4,"hair_1":2,"sex":0,"decals_2":0,"tshirt_1":15,"helmet_1":8,"helmet_2":0,"arms":92,"face":19,"decals_1":60,"torso_1":13,"hair_2":0,"skin":34,"pants_2":5}', '{"tshirt_2":3,"decals_2":0,"glasses":0,"hair_1":2,"torso_1":73,"shoes":1,"hair_color_2":0,"glasses_1":19,"skin":13,"face":6,"pants_2":5,"tshirt_1":75,"pants_1":37,"helmet_1":57,"torso_2":0,"arms":14,"sex":1,"glasses_2":0,"decals_1":0,"hair_2":0,"helmet_2":0,"hair_color_1":0}'),
	(26, 'mechanic', 0, 'recrue', 'Recruit', 12, '{}', '{}'),
	(27, 'mechanic', 1, 'novice', 'Novice', 24, '{}', '{}'),
	(28, 'mechanic', 2, 'experimente', 'Experienced', 36, '{}', '{}'),
	(29, 'mechanic', 3, 'chief', 'Leader', 48, '{}', '{}'),
	(30, 'mechanic', 4, 'boss', 'Boss', 0, '{}', '{}'),
	(31, 'taxi', 0, 'recrue', 'Recruit', 12, '{"hair_2":0,"hair_color_2":0,"torso_1":32,"bags_1":0,"helmet_2":0,"chain_2":0,"eyebrows_3":0,"makeup_3":0,"makeup_2":0,"tshirt_1":31,"makeup_1":0,"bags_2":0,"makeup_4":0,"eyebrows_4":0,"chain_1":0,"lipstick_4":0,"bproof_2":0,"hair_color_1":0,"decals_2":0,"pants_2":0,"age_2":0,"glasses_2":0,"ears_2":0,"arms":27,"lipstick_1":0,"ears_1":-1,"mask_2":0,"sex":0,"lipstick_3":0,"helmet_1":-1,"shoes_2":0,"beard_2":0,"beard_1":0,"lipstick_2":0,"beard_4":0,"glasses_1":0,"bproof_1":0,"mask_1":0,"decals_1":1,"hair_1":0,"eyebrows_2":0,"beard_3":0,"age_1":0,"tshirt_2":0,"skin":0,"torso_2":0,"eyebrows_1":0,"face":0,"shoes_1":10,"pants_1":24}', '{"hair_2":0,"hair_color_2":0,"torso_1":57,"bags_1":0,"helmet_2":0,"chain_2":0,"eyebrows_3":0,"makeup_3":0,"makeup_2":0,"tshirt_1":38,"makeup_1":0,"bags_2":0,"makeup_4":0,"eyebrows_4":0,"chain_1":0,"lipstick_4":0,"bproof_2":0,"hair_color_1":0,"decals_2":0,"pants_2":1,"age_2":0,"glasses_2":0,"ears_2":0,"arms":21,"lipstick_1":0,"ears_1":-1,"mask_2":0,"sex":1,"lipstick_3":0,"helmet_1":-1,"shoes_2":0,"beard_2":0,"beard_1":0,"lipstick_2":0,"beard_4":0,"glasses_1":5,"bproof_1":0,"mask_1":0,"decals_1":1,"hair_1":0,"eyebrows_2":0,"beard_3":0,"age_1":0,"tshirt_2":0,"skin":0,"torso_2":0,"eyebrows_1":0,"face":0,"shoes_1":49,"pants_1":11}'),
	(32, 'taxi', 1, 'novice', 'Cabby', 24, '{"hair_2":0,"hair_color_2":0,"torso_1":32,"bags_1":0,"helmet_2":0,"chain_2":0,"eyebrows_3":0,"makeup_3":0,"makeup_2":0,"tshirt_1":31,"makeup_1":0,"bags_2":0,"makeup_4":0,"eyebrows_4":0,"chain_1":0,"lipstick_4":0,"bproof_2":0,"hair_color_1":0,"decals_2":0,"pants_2":0,"age_2":0,"glasses_2":0,"ears_2":0,"arms":27,"lipstick_1":0,"ears_1":-1,"mask_2":0,"sex":0,"lipstick_3":0,"helmet_1":-1,"shoes_2":0,"beard_2":0,"beard_1":0,"lipstick_2":0,"beard_4":0,"glasses_1":0,"bproof_1":0,"mask_1":0,"decals_1":1,"hair_1":0,"eyebrows_2":0,"beard_3":0,"age_1":0,"tshirt_2":0,"skin":0,"torso_2":0,"eyebrows_1":0,"face":0,"shoes_1":10,"pants_1":24}', '{"hair_2":0,"hair_color_2":0,"torso_1":57,"bags_1":0,"helmet_2":0,"chain_2":0,"eyebrows_3":0,"makeup_3":0,"makeup_2":0,"tshirt_1":38,"makeup_1":0,"bags_2":0,"makeup_4":0,"eyebrows_4":0,"chain_1":0,"lipstick_4":0,"bproof_2":0,"hair_color_1":0,"decals_2":0,"pants_2":1,"age_2":0,"glasses_2":0,"ears_2":0,"arms":21,"lipstick_1":0,"ears_1":-1,"mask_2":0,"sex":1,"lipstick_3":0,"helmet_1":-1,"shoes_2":0,"beard_2":0,"beard_1":0,"lipstick_2":0,"beard_4":0,"glasses_1":5,"bproof_1":0,"mask_1":0,"decals_1":1,"hair_1":0,"eyebrows_2":0,"beard_3":0,"age_1":0,"tshirt_2":0,"skin":0,"torso_2":0,"eyebrows_1":0,"face":0,"shoes_1":49,"pants_1":11}'),
	(33, 'taxi', 2, 'experimente', 'Experienced', 36, '{"hair_2":0,"hair_color_2":0,"torso_1":26,"bags_1":0,"helmet_2":0,"chain_2":0,"eyebrows_3":0,"makeup_3":0,"makeup_2":0,"tshirt_1":57,"makeup_1":0,"bags_2":0,"makeup_4":0,"eyebrows_4":0,"chain_1":0,"lipstick_4":0,"bproof_2":0,"hair_color_1":0,"decals_2":0,"pants_2":4,"age_2":0,"glasses_2":0,"ears_2":0,"arms":11,"lipstick_1":0,"ears_1":-1,"mask_2":0,"sex":0,"lipstick_3":0,"helmet_1":-1,"shoes_2":0,"beard_2":0,"beard_1":0,"lipstick_2":0,"beard_4":0,"glasses_1":0,"bproof_1":0,"mask_1":0,"decals_1":0,"hair_1":0,"eyebrows_2":0,"beard_3":0,"age_1":0,"tshirt_2":0,"skin":0,"torso_2":0,"eyebrows_1":0,"face":0,"shoes_1":10,"pants_1":24}', '{"hair_2":0,"hair_color_2":0,"torso_1":57,"bags_1":0,"helmet_2":0,"chain_2":0,"eyebrows_3":0,"makeup_3":0,"makeup_2":0,"tshirt_1":38,"makeup_1":0,"bags_2":0,"makeup_4":0,"eyebrows_4":0,"chain_1":0,"lipstick_4":0,"bproof_2":0,"hair_color_1":0,"decals_2":0,"pants_2":1,"age_2":0,"glasses_2":0,"ears_2":0,"arms":21,"lipstick_1":0,"ears_1":-1,"mask_2":0,"sex":1,"lipstick_3":0,"helmet_1":-1,"shoes_2":0,"beard_2":0,"beard_1":0,"lipstick_2":0,"beard_4":0,"glasses_1":5,"bproof_1":0,"mask_1":0,"decals_1":1,"hair_1":0,"eyebrows_2":0,"beard_3":0,"age_1":0,"tshirt_2":0,"skin":0,"torso_2":0,"eyebrows_1":0,"face":0,"shoes_1":49,"pants_1":11}'),
	(34, 'taxi', 3, 'uber', 'Uber Cabby', 48, '{"hair_2":0,"hair_color_2":0,"torso_1":26,"bags_1":0,"helmet_2":0,"chain_2":0,"eyebrows_3":0,"makeup_3":0,"makeup_2":0,"tshirt_1":57,"makeup_1":0,"bags_2":0,"makeup_4":0,"eyebrows_4":0,"chain_1":0,"lipstick_4":0,"bproof_2":0,"hair_color_1":0,"decals_2":0,"pants_2":4,"age_2":0,"glasses_2":0,"ears_2":0,"arms":11,"lipstick_1":0,"ears_1":-1,"mask_2":0,"sex":0,"lipstick_3":0,"helmet_1":-1,"shoes_2":0,"beard_2":0,"beard_1":0,"lipstick_2":0,"beard_4":0,"glasses_1":0,"bproof_1":0,"mask_1":0,"decals_1":0,"hair_1":0,"eyebrows_2":0,"beard_3":0,"age_1":0,"tshirt_2":0,"skin":0,"torso_2":0,"eyebrows_1":0,"face":0,"shoes_1":10,"pants_1":24}', '{"hair_2":0,"hair_color_2":0,"torso_1":57,"bags_1":0,"helmet_2":0,"chain_2":0,"eyebrows_3":0,"makeup_3":0,"makeup_2":0,"tshirt_1":38,"makeup_1":0,"bags_2":0,"makeup_4":0,"eyebrows_4":0,"chain_1":0,"lipstick_4":0,"bproof_2":0,"hair_color_1":0,"decals_2":0,"pants_2":1,"age_2":0,"glasses_2":0,"ears_2":0,"arms":21,"lipstick_1":0,"ears_1":-1,"mask_2":0,"sex":1,"lipstick_3":0,"helmet_1":-1,"shoes_2":0,"beard_2":0,"beard_1":0,"lipstick_2":0,"beard_4":0,"glasses_1":5,"bproof_1":0,"mask_1":0,"decals_1":1,"hair_1":0,"eyebrows_2":0,"beard_3":0,"age_1":0,"tshirt_2":0,"skin":0,"torso_2":0,"eyebrows_1":0,"face":0,"shoes_1":49,"pants_1":11}'),
	(35, 'taxi', 4, 'boss', 'Lead Cabby', 0, '{"hair_2":0,"hair_color_2":0,"torso_1":29,"bags_1":0,"helmet_2":0,"chain_2":0,"eyebrows_3":0,"makeup_3":0,"makeup_2":0,"tshirt_1":31,"makeup_1":0,"bags_2":0,"makeup_4":0,"eyebrows_4":0,"chain_1":0,"lipstick_4":0,"bproof_2":0,"hair_color_1":0,"decals_2":0,"pants_2":4,"age_2":0,"glasses_2":0,"ears_2":0,"arms":1,"lipstick_1":0,"ears_1":-1,"mask_2":0,"sex":0,"lipstick_3":0,"helmet_1":-1,"shoes_2":0,"beard_2":0,"beard_1":0,"lipstick_2":0,"beard_4":0,"glasses_1":0,"bproof_1":0,"mask_1":0,"decals_1":0,"hair_1":0,"eyebrows_2":0,"beard_3":0,"age_1":0,"tshirt_2":0,"skin":0,"torso_2":4,"eyebrows_1":0,"face":0,"shoes_1":10,"pants_1":24}', '{"hair_2":0,"hair_color_2":0,"torso_1":57,"bags_1":0,"helmet_2":0,"chain_2":0,"eyebrows_3":0,"makeup_3":0,"makeup_2":0,"tshirt_1":38,"makeup_1":0,"bags_2":0,"makeup_4":0,"eyebrows_4":0,"chain_1":0,"lipstick_4":0,"bproof_2":0,"hair_color_1":0,"decals_2":0,"pants_2":1,"age_2":0,"glasses_2":0,"ears_2":0,"arms":21,"lipstick_1":0,"ears_1":-1,"mask_2":0,"sex":1,"lipstick_3":0,"helmet_1":-1,"shoes_2":0,"beard_2":0,"beard_1":0,"lipstick_2":0,"beard_4":0,"glasses_1":5,"bproof_1":0,"mask_1":0,"decals_1":1,"hair_1":0,"eyebrows_2":0,"beard_3":0,"age_1":0,"tshirt_2":0,"skin":0,"torso_2":0,"eyebrows_1":0,"face":0,"shoes_1":49,"pants_1":11}'),
	(36, 'banker', 0, 'advisor', 'Consultant', 10, '{}', '{}'),
	(37, 'banker', 1, 'banker', 'Banker', 20, '{}', '{}'),
	(38, 'banker', 2, 'business_banker', 'Investment banker', 30, '{}', '{}'),
	(39, 'banker', 3, 'trader', 'Broker', 40, '{}', '{}'),
	(40, 'banker', 4, 'boss', 'Boss', 0, '{}', '{}');
/*!40000 ALTER TABLE `job_grades` ENABLE KEYS */;

-- Dumping structure for taulu s4_kaupunkiffa.licenses
CREATE TABLE IF NOT EXISTS `licenses` (
  `type` varchar(60) NOT NULL,
  `label` varchar(60) NOT NULL,
  PRIMARY KEY (`type`)
) ENGINE=InnoDB DEFAULT CHARSET=utf8;

-- Dumping data for table s4_kaupunkiffa.licenses: ~6 rows (suunnilleen)
/*!40000 ALTER TABLE `licenses` DISABLE KEYS */;
INSERT INTO `licenses` (`type`, `label`) VALUES
	('boat', 'Boat License'),
	('dmv', 'Driving Permit'),
	('drive', 'Drivers License'),
	('drive_bike', 'Motorcycle License'),
	('drive_truck', 'Commercial Drivers License'),
	('weed_processing', 'Weed Processing License');
/*!40000 ALTER TABLE `licenses` ENABLE KEYS */;

-- Dumping structure for taulu s4_kaupunkiffa.multicharacter_slots
CREATE TABLE IF NOT EXISTS `multicharacter_slots` (
  `identifier` varchar(46) NOT NULL,
  `slots` int(11) NOT NULL,
  PRIMARY KEY (`identifier`) USING BTREE,
  KEY `slots` (`slots`) USING BTREE
) ENGINE=InnoDB DEFAULT CHARSET=utf8;

-- Dumping data for table s4_kaupunkiffa.multicharacter_slots: ~0 rows (suunnilleen)
/*!40000 ALTER TABLE `multicharacter_slots` DISABLE KEYS */;
/*!40000 ALTER TABLE `multicharacter_slots` ENABLE KEYS */;

-- Dumping structure for taulu s4_kaupunkiffa.owned_vehicles
CREATE TABLE IF NOT EXISTS `owned_vehicles` (
  `owner` varchar(46) DEFAULT NULL,
  `plate` varchar(12) NOT NULL,
  `vehicle` longtext DEFAULT NULL,
  `type` varchar(20) NOT NULL DEFAULT 'car',
  `job` varchar(20) DEFAULT NULL,
  `stored` tinyint(4) NOT NULL DEFAULT 0,
  `parking` varchar(60) DEFAULT NULL,
  `pound` varchar(60) DEFAULT NULL,
  `mileage` float DEFAULT 0,
  PRIMARY KEY (`plate`)
) ENGINE=InnoDB DEFAULT CHARSET=utf8;

-- Dumping data for table s4_kaupunkiffa.owned_vehicles: ~0 rows (suunnilleen)
/*!40000 ALTER TABLE `owned_vehicles` DISABLE KEYS */;
/*!40000 ALTER TABLE `owned_vehicles` ENABLE KEYS */;

-- Dumping structure for taulu s4_kaupunkiffa.rented_vehicles
CREATE TABLE IF NOT EXISTS `rented_vehicles` (
  `vehicle` varchar(60) NOT NULL,
  `plate` varchar(12) NOT NULL,
  `player_name` varchar(255) NOT NULL,
  `base_price` int(11) NOT NULL,
  `rent_price` int(11) NOT NULL,
  `owner` varchar(46) DEFAULT NULL,
  PRIMARY KEY (`plate`)
) ENGINE=InnoDB DEFAULT CHARSET=utf8;

-- Dumping data for table s4_kaupunkiffa.rented_vehicles: ~0 rows (suunnilleen)
/*!40000 ALTER TABLE `rented_vehicles` DISABLE KEYS */;
/*!40000 ALTER TABLE `rented_vehicles` ENABLE KEYS */;

-- Dumping structure for taulu s4_kaupunkiffa.society_moneywash
CREATE TABLE IF NOT EXISTS `society_moneywash` (
  `id` int(11) NOT NULL AUTO_INCREMENT,
  `identifier` varchar(46) DEFAULT NULL,
  `society` varchar(60) NOT NULL,
  `amount` int(11) NOT NULL,
  PRIMARY KEY (`id`)
) ENGINE=InnoDB DEFAULT CHARSET=utf8;

-- Dumping data for table s4_kaupunkiffa.society_moneywash: ~0 rows (suunnilleen)
/*!40000 ALTER TABLE `society_moneywash` DISABLE KEYS */;
/*!40000 ALTER TABLE `society_moneywash` ENABLE KEYS */;

-- Dumping structure for taulu s4_kaupunkiffa.sprays
CREATE TABLE IF NOT EXISTS `sprays` (
  `id` int(11) NOT NULL AUTO_INCREMENT,
  `x` float(8,4) NOT NULL,
  `y` float(8,4) NOT NULL,
  `z` float(8,4) NOT NULL,
  `rx` float(8,4) NOT NULL,
  `ry` float(8,4) NOT NULL,
  `rz` float(8,4) NOT NULL,
  `scale` float(8,4) NOT NULL,
  `text` varchar(32) NOT NULL,
  `font` varchar(32) NOT NULL,
  `color` int(3) NOT NULL,
  `interior` int(3) NOT NULL,
  `created_at` timestamp NOT NULL DEFAULT current_timestamp(),
  PRIMARY KEY (`id`)
) ENGINE=InnoDB DEFAULT CHARSET=utf8;

-- Dumping data for table s4_kaupunkiffa.sprays: ~0 rows (suunnilleen)
/*!40000 ALTER TABLE `sprays` DISABLE KEYS */;
/*!40000 ALTER TABLE `sprays` ENABLE KEYS */;

-- Dumping structure for taulu s4_kaupunkiffa.users
CREATE TABLE IF NOT EXISTS `users` (
  `identifier` varchar(46) NOT NULL,
  `accounts` longtext DEFAULT NULL,
  `group` varchar(50) DEFAULT 'user',
  `inventory` longtext DEFAULT NULL,
  `job` varchar(20) DEFAULT 'unemployed',
  `job_grade` int(11) DEFAULT 0,
  `loadout` longtext DEFAULT NULL,
  `metadata` longtext DEFAULT NULL,
  `position` longtext DEFAULT NULL,
  `firstname` varchar(16) DEFAULT NULL,
  `lastname` varchar(16) DEFAULT NULL,
  `dateofbirth` varchar(10) DEFAULT NULL,
  `sex` varchar(1) DEFAULT NULL,
  `height` int(11) DEFAULT NULL,
  `skin` longtext DEFAULT NULL,
  `status` longtext DEFAULT NULL,
  `is_dead` tinyint(1) DEFAULT 0,
  `id` int(11) NOT NULL AUTO_INCREMENT,
  `disabled` tinyint(1) DEFAULT 0,
  `last_property` varchar(255) DEFAULT NULL,
  `created_at` timestamp NULL DEFAULT current_timestamp(),
  `last_seen` timestamp NULL DEFAULT NULL ON UPDATE current_timestamp(),
  `phone_number` varchar(20) DEFAULT NULL,
  `pincode` int(11) DEFAULT NULL,
  PRIMARY KEY (`identifier`),
  UNIQUE KEY `id` (`id`)
) ENGINE=InnoDB AUTO_INCREMENT=116 DEFAULT CHARSET=utf8;

-- Dumping data for table s4_kaupunkiffa.users: ~98 rows (suunnilleen)
/*!40000 ALTER TABLE `users` DISABLE KEYS */;
INSERT INTO `users` (`identifier`, `accounts`, `group`, `inventory`, `job`, `job_grade`, `loadout`, `metadata`, `position`, `firstname`, `lastname`, `dateofbirth`, `sex`, `height`, `skin`, `status`, `is_dead`, `id`, `disabled`, `last_property`, `created_at`, `last_seen`, `phone_number`, `pincode`) VALUES
	('char1:010c2dfe91b5c0dbd046872a7cdecdc7296172de', '{"black_money":0,"bank":1200,"money":0}', 'admin', '[]', 'unemployed', 0, '[]', '[]', '{"z":29.4315185546875,"heading":331.6535339355469,"x":78.29010772705078,"y":-1044.03955078125}', 'Teppo', 'Vanukas', '01/01/1998', 'm', 170, '{"lipstick_4":0,"glasses_2":0,"bodyb_2":0,"shoes_2":2,"makeup_4":0,"lipstick_3":0,"decals_2":0,"pants_2":3,"blush_3":0,"blemishes_2":0,"nose_4":8,"torso_1":23,"jaw_1":0,"jaw_2":0,"blush_2":0,"nose_5":10,"hair_1":72,"nose_3":5,"moles_1":0,"eyebrows_1":0,"chin_1":0,"mom":43,"blemishes_1":0,"makeup_1":0,"torso_2":2,"watches_1":-1,"bproof_1":0,"chest_1":0,"makeup_3":0,"eyebrows_3":0,"cheeks_2":-10,"chain_1":22,"chain_2":2,"watches_2":0,"chest_3":0,"cheeks_1":2,"helmet_2":0,"tshirt_1":4,"hair_color_2":29,"arms":1,"bracelets_2":0,"complexion_1":0,"lipstick_2":0,"bags_1":0,"eyebrows_2":0,"eyebrows_5":0,"makeup_2":0,"sun_2":0,"blush_1":0,"tshirt_2":2,"age_2":0,"face_md_weight":61,"bodyb_3":-1,"chin_13":0,"nose_6":0,"beard_4":0,"sex":1,"chin_4":0,"beard_2":10,"nose_2":6,"cheeks_3":6,"pants_1":28,"nose_1":-5,"moles_2":0,"eyebrows_6":0,"ears_1":-1,"glasses_1":0,"eye_color":0,"beard_3":0,"bodyb_4":0,"dad":43,"hair_2":0,"bodyb_1":-1,"decals_1":0,"beard_1":11,"age_1":0,"bracelets_1":-1,"chin_3":0,"ears_2":0,"mask_2":0,"bags_2":0,"lipstick_1":0,"eye_squint":0,"chest_2":0,"bproof_2":0,"neck_thickness":0,"helmet_1":-1,"chin_2":0,"mask_1":0,"shoes_1":70,"eyebrows_4":0,"skin_md_weight":27,"arms_2":0,"sun_1":0,"hair_color_1":61,"lip_thickness":-2,"complexion_2":0}', '[{"percent":49.84,"name":"hunger","val":498400},{"percent":49.88,"name":"thirst","val":498800}]', 0, 73, 0, NULL, '2023-07-15 20:40:26', '2023-07-15 21:31:53', NULL, NULL),
	('char1:05d1bc03ec0d896fe6dfd5736228f3a915058ddc', '{"money":500000,"bank":0,"black_money":0}', 'user', '[]', 'unemployed', 0, '[]', '[]', '{"z":258.15087890625,"heading":252.28346252441407,"x":135.92967224121095,"y":-750.1450805664063}', 'Fuge', 'Neekeri', '01/01/2000', 'm', 190, '{"mask_2":0,"decals_1":0,"eyebrows_3":0,"pants_1":1,"nose_6":0,"sex":0,"age_1":0,"jaw_1":0,"moles_1":0,"beard_3":0,"bracelets_2":0,"eyebrows_6":0,"bodyb_4":0,"arms_2":0,"nose_3":0,"makeup_2":0,"lipstick_2":0,"tshirt_2":0,"blush_3":0,"eyebrows_5":0,"hair_color_1":0,"chain_1":0,"ears_1":-1,"watches_2":0,"watches_1":-1,"complexion_2":0,"bproof_1":0,"beard_1":0,"nose_4":0,"torso_1":22,"nose_1":0,"skin_md_weight":34,"makeup_3":0,"sun_2":0,"face_md_weight":50,"mask_1":54,"mom":21,"helmet_2":0,"nose_5":0,"bodyb_1":-1,"lipstick_3":0,"jaw_2":0,"chest_3":0,"bags_2":0,"eyebrows_1":0,"bodyb_2":0,"cheeks_1":0,"neck_thickness":0,"arms":74,"lipstick_1":0,"ears_2":0,"chin_4":0,"chain_2":0,"torso_2":1,"blush_1":0,"hair_1":1,"glasses_1":0,"blemishes_2":0,"hair_2":0,"complexion_1":0,"dad":0,"eye_squint":0,"blush_2":0,"blemishes_1":0,"makeup_1":0,"chin_3":0,"chest_1":0,"beard_2":0,"glasses_2":0,"beard_4":0,"chin_1":0,"tshirt_1":15,"eyebrows_2":0,"bodyb_3":-1,"sun_1":0,"hair_color_2":0,"makeup_4":0,"bracelets_1":-1,"chin_13":0,"chest_2":0,"moles_2":0,"cheeks_3":0,"cheeks_2":0,"age_2":0,"bproof_2":0,"lipstick_4":0,"eye_color":0,"bags_1":0,"pants_2":0,"chin_2":0,"shoes_1":7,"decals_2":0,"helmet_1":96,"nose_2":0,"lip_thickness":0,"eyebrows_4":0,"shoes_2":0}', '[{"val":975000,"name":"hunger","percent":97.5},{"val":981250,"name":"thirst","percent":98.125}]', 0, 65, 0, NULL, '2023-07-10 16:24:31', '2023-07-10 16:29:07', NULL, NULL),
	('char1:0b471844faca86888a3a950a53ff58f1980513e1', '{"black_money":0,"bank":400,"money":0}', 'user', '[]', 'unemployed', 0, '{"WEAPON_PUMPSHOTGUN":{"ammo":992},"WEAPON_SMG":{"ammo":711},"WEAPON_CARBINERIFLE":{"ammo":702},"WEAPON_PISTOL":{"ammo":196}}', '[]', '{"z":5.892333984375,"y":-3019.60888671875,"x":968.980224609375,"heading":68.031494140625}', 'Vittu', 'Saatana', '02/11/1990', 'm', 199, '{"cheeks_2":-10,"eye_squint":0,"arms_2":0,"face_md_weight":61,"chin_4":0,"chain_2":2,"hair_color_2":29,"eyebrows_6":0,"eye_color":0,"nose_2":6,"watches_2":0,"bags_2":0,"ears_1":-1,"decals_2":0,"hair_color_1":61,"hair_2":0,"helmet_1":-1,"lipstick_4":0,"blush_2":0,"moles_1":0,"makeup_2":0,"lipstick_3":0,"glasses_1":0,"nose_6":0,"moles_2":0,"chin_2":0,"eyebrows_2":0,"hair_1":76,"lipstick_1":0,"pants_2":3,"bracelets_1":-1,"lipstick_2":0,"eyebrows_4":0,"torso_1":23,"chest_1":0,"makeup_1":0,"beard_2":10,"bodyb_2":0,"shoes_1":70,"age_1":0,"dad":29,"arms":1,"chin_13":0,"shoes_2":2,"chin_3":0,"nose_4":8,"chain_1":22,"bproof_1":0,"cheeks_1":2,"glasses_2":0,"blemishes_1":0,"complexion_2":0,"mask_1":0,"lip_thickness":-2,"helmet_2":0,"blush_1":0,"skin_md_weight":27,"beard_4":0,"nose_3":5,"nose_5":10,"makeup_3":0,"makeup_4":0,"mask_2":0,"bproof_2":0,"bags_1":0,"blemishes_2":0,"pants_1":28,"beard_3":0,"watches_1":-1,"eyebrows_3":0,"neck_thickness":0,"blush_3":0,"chest_2":0,"sun_2":0,"nose_1":-5,"tshirt_2":2,"age_2":0,"beard_1":11,"eyebrows_5":0,"sex":0,"bodyb_4":0,"jaw_2":0,"chin_1":0,"tshirt_1":4,"bodyb_1":-1,"cheeks_3":6,"jaw_1":0,"bodyb_3":-1,"torso_2":2,"ears_2":0,"sun_1":0,"eyebrows_1":0,"mom":43,"complexion_1":0,"decals_1":0,"chest_3":0,"bracelets_2":0}', '[{"percent":93.27,"name":"hunger","val":932700},{"percent":94.9525,"name":"thirst","val":949525}]', 0, 33, 0, NULL, '2023-06-21 21:00:56', '2023-06-21 21:12:36', NULL, NULL),
	('char1:0d1cf444640b8eec3ed49d54c1f261707f7c0062', '{"black_money":0,"bank":400,"money":1000000}', 'user', '[]', 'unemployed', 0, '[]', '[]', '{"y":-747.059326171875,"x":132.85714721679688,"heading":51.02362442016601,"z":258.15087890625}', 'Sampo', 'Ranta', '02/01/2001', 'm', 133, '{"bproof_2":0,"nose_5":0,"sun_2":0,"glasses_2":0,"chin_13":0,"eye_squint":0,"dad":3,"sun_1":0,"lipstick_3":0,"eyebrows_6":0,"nose_2":8,"bags_1":0,"jaw_1":10,"blush_3":0,"nose_3":9,"age_2":0,"watches_1":-1,"makeup_4":0,"makeup_3":0,"eyebrows_1":0,"neck_thickness":0,"chain_2":2,"cheeks_3":10,"lip_thickness":10,"chin_2":0,"bags_2":0,"tshirt_1":4,"skin_md_weight":50,"sex":1,"bodyb_3":-1,"eyebrows_4":0,"decals_2":0,"beard_2":10,"moles_1":0,"bracelets_2":0,"age_1":0,"arms":1,"blemishes_1":0,"hair_color_2":29,"hair_2":0,"chest_3":0,"blemishes_2":0,"shoes_2":2,"chin_3":10,"glasses_1":0,"eye_color":0,"decals_1":0,"makeup_1":0,"helmet_2":0,"eyebrows_5":0,"nose_1":0,"mask_2":0,"nose_6":0,"lipstick_1":0,"pants_2":3,"nose_4":0,"bproof_1":0,"complexion_2":0,"hair_color_1":61,"tshirt_2":2,"eyebrows_3":0,"eyebrows_2":0,"bodyb_2":0,"moles_2":0,"hair_1":7,"ears_1":-1,"shoes_1":70,"bodyb_1":-1,"helmet_1":-1,"chin_1":10,"lipstick_2":0,"chin_4":0,"watches_2":0,"pants_1":28,"torso_2":2,"arms_2":0,"cheeks_1":0,"chain_1":22,"beard_1":11,"torso_1":23,"mom":23,"blush_2":0,"complexion_1":0,"chest_1":0,"blush_1":0,"bracelets_1":-1,"face_md_weight":50,"beard_3":0,"ears_2":0,"chest_2":0,"cheeks_2":0,"jaw_2":10,"beard_4":0,"mask_1":0,"makeup_2":0,"bodyb_4":0,"lipstick_4":0}', '[{"val":925700,"name":"hunger","percent":92.57},{"val":944275,"name":"thirst","percent":94.4275}]', 0, 105, 0, NULL, '2023-08-01 17:14:10', '2023-08-01 17:27:01', NULL, NULL),
	('char1:12bc9cc0d35644bbcee5949cc13d3c0866117117', '{"black_money":0,"money":499999,"bank":200}', 'user', '[]', 'unemployed', 0, '[]', '[]', '{"heading":133.2283477783203,"x":135.4813232421875,"y":-748.1275024414063,"z":258.15087890625}', 'Sami', 'Suoja', '09/11/2001', 'm', 190, '{"bproof_2":0,"blush_3":0,"chin_13":0,"beard_3":2,"helmet_2":0,"blush_1":0,"glasses_1":0,"eyebrows_1":0,"chin_4":0,"cheeks_2":5,"bodyb_2":0,"chest_2":0,"bodyb_3":-1,"watches_1":-1,"age_1":0,"beard_4":0,"lipstick_3":0,"helmet_1":-1,"eyebrows_2":0,"tshirt_2":0,"bags_1":0,"beard_1":9,"bracelets_1":-1,"chin_2":0,"nose_3":10,"ears_2":0,"moles_2":0,"blemishes_1":0,"hair_2":0,"makeup_2":0,"bproof_1":0,"nose_6":0,"shoes_1":1,"eyebrows_3":0,"decals_2":0,"glasses_2":0,"makeup_1":0,"nose_5":-3,"dad":5,"nose_2":-9,"lip_thickness":0,"mask_2":0,"tshirt_1":2,"complexion_1":0,"bodyb_4":0,"makeup_3":0,"chain_2":0,"chin_3":0,"decals_1":0,"beard_2":8,"pants_2":0,"arms_2":0,"ears_1":-1,"watches_2":0,"hair_1":37,"sex":0,"eyebrows_4":0,"bags_2":0,"nose_4":0,"lipstick_2":0,"eyebrows_5":0,"skin_md_weight":50,"hair_color_1":3,"bodyb_1":-1,"lipstick_1":0,"nose_1":0,"sun_1":0,"neck_thickness":0,"blemishes_2":0,"hair_color_2":0,"complexion_2":0,"blush_2":0,"shoes_2":0,"cheeks_3":5,"eyebrows_6":0,"sun_2":0,"jaw_2":0,"eye_color":0,"mask_1":0,"face_md_weight":40,"torso_2":1,"age_2":0,"chin_1":0,"torso_1":22,"cheeks_1":-10,"makeup_4":0,"bracelets_2":0,"mom":25,"eye_squint":0,"arms":0,"jaw_1":0,"chest_3":0,"chain_1":0,"pants_1":8,"chest_1":0,"lipstick_4":0,"moles_1":0}', '[{"val":957200,"percent":95.72,"name":"hunger"},{"val":967900,"percent":96.78999999999999,"name":"thirst"}]', 0, 18, 0, NULL, '2023-06-19 16:31:53', '2023-06-19 16:39:11', NULL, NULL),
	('char1:16de870f9971f75ca26b2ef8f261ad5b6af70dd8', '{"black_money":0,"bank":2400,"money":0}', 'user', '[]', 'unemployed', 0, '[]', '[]', '{"z":258.15087890625,"heading":172.91339111328126,"x":151.3318634033203,"y":-762.1450805664063}', 'Lauri', 'Lasettaja', '09/06/2000', 'm', 169, '{"mask_2":0,"decals_1":0,"eyebrows_3":0,"pants_1":2,"nose_6":0,"sex":0,"age_1":0,"jaw_1":0,"moles_1":0,"beard_3":0,"chest_2":0,"eyebrows_6":0,"bodyb_4":0,"arms_2":0,"nose_3":1,"jaw_2":0,"lipstick_2":0,"tshirt_2":0,"blush_3":0,"eyebrows_5":0,"hair_color_1":0,"chain_1":0,"ears_1":-1,"arms":15,"watches_1":-1,"complexion_2":0,"bproof_1":0,"torso_2":0,"nose_4":1,"glasses_2":0,"bodyb_1":-1,"skin_md_weight":51,"makeup_3":0,"sun_2":0,"face_md_weight":50,"mask_1":23,"mom":22,"helmet_2":0,"bracelets_2":0,"eyebrows_2":0,"lipstick_3":0,"makeup_2":0,"chest_3":0,"bags_2":0,"chin_2":0,"beard_1":11,"cheeks_1":0,"blemishes_1":0,"dad":0,"lipstick_1":0,"ears_2":0,"decals_2":0,"bodyb_2":0,"makeup_1":0,"bproof_2":0,"eyebrows_1":0,"chin_1":0,"nose_5":0,"hair_2":0,"complexion_1":0,"lip_thickness":0,"eye_squint":0,"blush_2":0,"torso_1":33,"hair_1":0,"blush_1":0,"blemishes_2":0,"beard_2":10,"chest_1":0,"bodyb_3":-1,"glasses_1":0,"tshirt_1":15,"lipstick_4":0,"nose_2":1,"sun_1":0,"hair_color_2":0,"makeup_4":0,"bracelets_1":-1,"chin_13":0,"neck_thickness":0,"moles_2":0,"cheeks_3":0,"cheeks_2":0,"age_2":0,"nose_1":1,"beard_4":0,"eye_color":0,"bags_1":0,"pants_2":0,"chain_2":0,"shoes_1":47,"watches_2":0,"helmet_1":-1,"chin_3":0,"chin_4":0,"eyebrows_4":0,"shoes_2":0}', '[{"percent":49.43,"name":"hunger","val":494300},{"percent":49.5725,"name":"thirst","val":495725}]', 0, 71, 0, NULL, '2023-07-15 16:08:07', '2023-07-15 21:31:56', NULL, NULL),
	('char1:1b5a39c2d07f885a6f3ee03617fb72acf3ad871f', '{"black_money":0,"bank":400,"money":500000}', 'user', '[]', 'unemployed', 0, '[]', '[]', '{"y":-752.6241455078125,"x":138.54066467285157,"heading":181.4173126220703,"z":258.15087890625}', 'Roska', 'Roska', '02/02/2000', 'm', 190, '{"bproof_2":0,"mask_2":1,"sun_2":0,"complexion_2":0,"chin_13":0,"eye_squint":0,"dad":0,"sun_1":0,"lipstick_3":0,"eyebrows_6":0,"nose_2":6,"bags_1":0,"jaw_1":0,"blush_3":0,"nose_3":5,"age_2":0,"arms_2":0,"makeup_4":0,"makeup_3":0,"eyebrows_1":0,"neck_thickness":0,"chain_2":0,"cheeks_3":6,"lip_thickness":-2,"decals_2":0,"bags_2":0,"tshirt_1":15,"skin_md_weight":27,"blemishes_2":0,"bodyb_3":-1,"eyebrows_4":0,"glasses_2":0,"sex":0,"nose_5":10,"bracelets_2":0,"blush_1":0,"arms":79,"watches_1":-1,"hair_color_2":29,"hair_2":0,"chest_3":0,"blemishes_1":0,"mask_1":17,"chin_3":0,"glasses_1":0,"eye_color":0,"chin_4":0,"makeup_1":0,"helmet_2":5,"bracelets_1":-1,"lipstick_4":0,"moles_2":0,"nose_6":0,"lipstick_1":0,"lipstick_2":0,"nose_4":8,"bproof_1":0,"face_md_weight":61,"hair_color_1":61,"tshirt_2":0,"eyebrows_3":0,"pants_2":11,"cheeks_2":-10,"makeup_2":0,"hair_1":76,"ears_1":-1,"moles_1":0,"bodyb_1":-1,"helmet_1":113,"chin_1":0,"watches_2":0,"nose_1":-5,"eyebrows_5":0,"pants_1":97,"torso_2":5,"beard_2":0,"cheeks_1":2,"chain_1":0,"beard_1":0,"torso_1":141,"mom":41,"chin_2":0,"complexion_1":0,"chest_1":0,"shoes_1":6,"blush_2":0,"age_1":0,"beard_3":0,"ears_2":0,"chest_2":0,"decals_1":0,"jaw_2":0,"beard_4":0,"eyebrows_2":0,"bodyb_2":0,"bodyb_4":0,"shoes_2":0}', '[{"val":941000,"name":"hunger","percent":94.1},{"val":955750,"name":"thirst","percent":95.575}]', 0, 82, 0, NULL, '2023-07-22 14:36:39', '2023-07-22 14:46:35', NULL, NULL),
	('char1:1e71f6ae32bc6e2efc5691d4ff5507017680cc05', '{"money":500000,"bank":0,"black_money":0}', 'user', '[]', 'unemployed', 0, '[]', '[]', '{"z":258.7069091796875,"heading":68.031494140625,"x":127.21318817138672,"y":-750.1846313476563}', 'Kay', 'Flock', '01/11/2003', 'm', 180, '{"mask_2":0,"eyebrows_1":33,"eyebrows_3":0,"pants_1":82,"bodyb_3":-1,"sex":0,"chest_1":0,"jaw_1":0,"moles_1":0,"beard_3":1,"chest_2":0,"eyebrows_6":0,"bodyb_4":0,"arms_2":0,"nose_3":0,"jaw_2":0,"eyebrows_2":10,"tshirt_2":0,"blush_3":0,"eyebrows_5":0,"hair_color_1":0,"chain_1":0,"ears_1":20,"watches_2":0,"watches_1":10,"complexion_2":0,"bproof_1":0,"beard_1":3,"nose_4":0,"glasses_2":0,"bodyb_1":-1,"skin_md_weight":50,"nose_5":0,"sun_2":0,"face_md_weight":50,"mask_1":0,"mom":23,"helmet_2":0,"torso_2":2,"age_1":0,"lipstick_3":0,"nose_2":0,"chest_3":0,"bags_2":0,"nose_6":0,"bracelets_2":0,"cheeks_1":0,"lipstick_4":0,"decals_1":0,"lipstick_1":0,"ears_2":3,"decals_2":0,"moles_2":0,"chin_2":0,"blush_1":0,"lipstick_2":0,"bodyb_2":0,"neck_thickness":0,"hair_2":0,"complexion_1":0,"lip_thickness":0,"eye_squint":0,"blush_2":0,"torso_1":9,"dad":0,"nose_1":0,"blemishes_1":0,"beard_2":3,"beard_4":0,"chin_4":0,"makeup_3":0,"tshirt_1":15,"bproof_2":0,"makeup_2":0,"sun_1":0,"hair_color_2":0,"makeup_4":0,"bracelets_1":-1,"chin_13":0,"chin_1":0,"hair_1":8,"cheeks_3":0,"cheeks_2":0,"age_2":0,"glasses_1":0,"blemishes_2":0,"eye_color":5,"bags_1":0,"pants_2":5,"makeup_1":0,"shoes_1":6,"arms":0,"helmet_1":-1,"chin_3":0,"chain_2":0,"eyebrows_4":0,"shoes_2":0}', '[{"val":976900,"name":"hunger","percent":97.69},{"val":982675,"name":"thirst","percent":98.2675}]', 0, 69, 0, NULL, '2023-07-12 13:26:25', '2023-07-12 13:30:19', NULL, NULL),
	('char1:21b7a3bbd6884e3d7edef1d846874be07c0095ed', '{"black_money":0,"bank":600,"money":0}', 'user', '[]', 'unemployed', 0, '[]', '[]', '{"y":-746.3604125976563,"x":132.77801513671876,"heading":300.4724426269531,"z":258.15087890625}', 'Jesse', 'Juutalaine', '12/12/2000', 'm', 200, '{"bproof_2":0,"mask_2":0,"sun_2":0,"complexion_2":0,"chin_13":0,"eye_squint":0,"dad":29,"sun_1":0,"shoes_1":70,"eyebrows_6":0,"nose_2":6,"bags_1":0,"jaw_1":0,"blush_3":0,"nose_3":5,"blemishes_1":0,"arms_2":0,"makeup_4":0,"makeup_3":0,"eyebrows_1":0,"neck_thickness":0,"chain_2":2,"watches_2":0,"lip_thickness":-2,"decals_2":0,"bags_2":0,"tshirt_1":4,"skin_md_weight":27,"blemishes_2":0,"bodyb_3":-1,"eyebrows_4":0,"eyebrows_2":0,"chin_4":0,"chin_2":0,"bracelets_2":0,"blush_1":0,"arms":1,"bodyb_2":0,"hair_color_2":29,"hair_2":0,"chest_3":0,"torso_1":23,"mask_1":0,"chin_3":0,"glasses_1":0,"moles_1":0,"sex":0,"makeup_1":0,"helmet_2":0,"bracelets_1":-1,"nose_1":-5,"cheeks_3":6,"nose_6":0,"lipstick_1":0,"age_1":0,"nose_4":8,"bproof_1":0,"lipstick_4":0,"hair_color_1":61,"tshirt_2":2,"eyebrows_3":0,"pants_2":3,"lipstick_2":0,"beard_1":11,"hair_1":76,"ears_1":-1,"lipstick_3":0,"bodyb_1":-1,"helmet_1":-1,"chin_1":0,"makeup_2":0,"age_2":0,"glasses_2":0,"pants_1":28,"torso_2":2,"face_md_weight":61,"cheeks_1":2,"chain_1":22,"blush_2":0,"decals_1":0,"mom":43,"watches_1":-1,"complexion_1":0,"chest_1":0,"beard_2":10,"cheeks_2":-10,"eye_color":0,"beard_3":0,"ears_2":0,"chest_2":0,"moles_2":0,"jaw_2":0,"beard_4":0,"eyebrows_5":0,"shoes_2":2,"bodyb_4":0,"nose_5":10}', '[{"val":492700,"name":"hunger","percent":49.27},{"val":494525,"name":"thirst","percent":49.4525}]', 1, 76, 0, NULL, '2023-07-20 01:02:11', '2023-07-20 01:17:58', NULL, NULL),
	('char1:28215f9ec48918cd8dbebd85a21287d3f154508b', '{"black_money":0,"money":0,"bank":400}', 'user', '[]', 'unemployed', 0, '[]', '[]', '{"heading":184.25196838378907,"z":258.15087890625,"y":-747.94287109375,"x":135.75823974609376}', 'Seppo', 'Merikoski', '12/02/2003', 'm', 200, '{"watches_2":0,"shoes_2":2,"decals_1":0,"shoes_1":70,"nose_4":8,"eye_color":0,"bodyb_3":-1,"chest_2":0,"nose_2":6,"complexion_2":0,"eyebrows_6":0,"tshirt_1":4,"makeup_3":0,"bags_1":0,"nose_5":10,"bags_2":0,"nose_6":0,"ears_1":-1,"beard_2":10,"beard_3":0,"eye_squint":0,"makeup_1":0,"pants_1":28,"eyebrows_4":0,"glasses_1":0,"sex":0,"mom":43,"chin_4":0,"blush_1":0,"hair_1":76,"eyebrows_2":0,"chest_1":0,"face_md_weight":61,"sun_2":0,"mask_2":0,"beard_4":0,"skin_md_weight":27,"lipstick_3":0,"moles_1":0,"tshirt_2":2,"dad":29,"blemishes_1":0,"chin_2":0,"pants_2":3,"bproof_1":0,"jaw_2":0,"lipstick_2":0,"ears_2":0,"nose_3":5,"chain_2":2,"makeup_4":0,"sun_1":0,"bodyb_4":0,"hair_2":0,"lip_thickness":-2,"chin_1":0,"bodyb_2":0,"helmet_2":0,"torso_2":2,"helmet_1":-1,"makeup_2":0,"eyebrows_5":0,"eyebrows_1":0,"age_1":0,"arms":1,"chin_13":0,"jaw_1":0,"bproof_2":0,"chin_3":0,"lipstick_1":0,"cheeks_3":6,"arms_2":0,"complexion_1":0,"glasses_2":0,"neck_thickness":0,"blemishes_2":0,"hair_color_2":29,"blush_2":0,"chest_3":0,"bodyb_1":-1,"lipstick_4":0,"beard_1":11,"cheeks_2":-10,"hair_color_1":61,"age_2":0,"decals_2":0,"torso_1":23,"chain_1":22,"eyebrows_3":0,"cheeks_1":2,"mask_1":0,"blush_3":0,"watches_1":-1,"bracelets_1":-1,"moles_2":0,"nose_1":-5,"bracelets_2":0}', '[{"val":499900,"percent":49.99,"name":"hunger"},{"val":499925,"percent":49.9925,"name":"thirst"}]', 0, 49, 0, NULL, '2023-06-29 20:26:51', '2023-06-29 20:40:52', NULL, NULL),
	('char1:2bb7dc1113a0dcc9f1ca5596c8a7457be07ba4a4', '{"black_money":0,"bank":600,"money":2000004}', 'user', '[]', 'unemployed', 0, '[]', '[]', '{"y":-749.1956176757813,"x":136.08792114257813,"heading":331.6535339355469,"z":258.1171875}', 'Kakka', 'Pissa', '12/12/1990', 'm', 169, '{"bproof_2":0,"nose_5":10,"sun_2":0,"complexion_2":0,"chin_13":0,"face_md_weight":52,"dad":2,"sun_1":0,"shoes_1":70,"eyebrows_6":0,"nose_2":0,"bags_1":0,"jaw_1":0,"blush_3":0,"nose_3":0,"blemishes_1":0,"watches_1":-1,"makeup_4":0,"makeup_3":0,"eyebrows_1":0,"neck_thickness":0,"chain_2":2,"watches_2":0,"lip_thickness":-2,"chin_2":0,"bags_2":0,"tshirt_1":4,"skin_md_weight":50,"blemishes_2":0,"bodyb_3":-1,"eyebrows_4":0,"arms_2":0,"glasses_2":0,"mask_2":0,"bracelets_2":0,"blush_1":0,"arms":1,"bodyb_2":0,"chin_4":0,"hair_2":0,"chest_3":0,"age_2":0,"lipstick_2":0,"chin_3":0,"glasses_1":0,"eye_color":0,"eyebrows_2":0,"makeup_1":0,"helmet_2":0,"eyebrows_5":0,"nose_1":0,"moles_2":0,"nose_6":0,"lipstick_1":0,"beard_2":10,"nose_4":1,"bproof_1":0,"beard_1":11,"hair_color_1":61,"tshirt_2":2,"eyebrows_3":0,"pants_2":3,"sex":0,"lipstick_3":0,"hair_1":76,"ears_1":-1,"decals_2":0,"bodyb_1":-1,"helmet_1":-1,"chin_1":0,"cheeks_2":-10,"moles_1":0,"bracelets_1":-1,"pants_1":28,"torso_2":2,"hair_color_2":29,"cheeks_1":2,"chain_1":22,"blush_2":0,"decals_1":0,"mom":24,"cheeks_3":6,"complexion_1":0,"chest_1":0,"age_1":0,"eye_squint":0,"torso_1":23,"beard_3":0,"ears_2":0,"chest_2":0,"shoes_2":2,"jaw_2":0,"beard_4":0,"lipstick_4":0,"makeup_2":0,"bodyb_4":0,"mask_1":0}', '[{"val":499400,"name":"hunger","percent":49.94},{"val":499550,"name":"thirst","percent":49.955}]', 0, 93, 0, NULL, '2023-07-26 20:42:33', '2023-07-26 21:05:16', NULL, NULL),
	('char1:2e29fe996ff78295435d014786b4469bcaeb2811', '{"black_money":0,"money":0,"bank":0}', 'user', '[]', 'unemployed', 0, '[]', '[]', '{"heading":62.36220550537109,"z":258.15087890625,"y":-746.2944946289063,"x":132.94944763183595}', 'Pillu', 'Kareva', '11/11/1999', 'f', 199, '{"watches_2":0,"shoes_2":10,"decals_1":0,"shoes_1":20,"nose_4":0,"eye_color":8,"blemishes_2":0,"chest_2":0,"nose_2":4,"complexion_2":0,"eyebrows_6":-8,"tshirt_1":111,"makeup_3":0,"bags_1":0,"nose_5":0,"bags_2":0,"chain_1":85,"chin_13":-10,"chin_3":0,"age_1":0,"eye_squint":-6,"makeup_1":0,"pants_1":12,"lipstick_2":0,"glasses_1":33,"sex":1,"mom":28,"chin_4":0,"blush_1":0,"hair_1":43,"eyebrows_2":7,"chest_1":0,"bodyb_1":-1,"sun_2":0,"mask_2":0,"complexion_1":0,"skin_md_weight":60,"jaw_1":0,"moles_1":12,"glasses_2":12,"beard_4":0,"blemishes_1":0,"chin_2":10,"pants_2":2,"chain_2":0,"cheeks_1":0,"chest_3":0,"ears_2":0,"nose_3":5,"bproof_2":0,"dad":6,"face_md_weight":63,"helmet_2":0,"hair_2":0,"beard_2":0,"bracelets_1":-1,"bodyb_2":0,"hair_color_1":29,"torso_2":2,"helmet_1":-1,"makeup_2":0,"sun_1":0,"lipstick_1":0,"chin_1":-10,"arms":3,"hair_color_2":35,"bodyb_4":0,"makeup_4":0,"bproof_1":0,"bodyb_3":-1,"lipstick_3":0,"arms_2":0,"blush_2":0,"jaw_2":0,"neck_thickness":-5,"blush_3":0,"lip_thickness":0,"tshirt_2":5,"eyebrows_4":9,"eyebrows_1":32,"lipstick_4":0,"beard_1":0,"cheeks_2":0,"eyebrows_3":52,"age_2":0,"decals_2":0,"torso_1":25,"nose_6":0,"beard_3":0,"eyebrows_5":-5,"mask_1":0,"cheeks_3":0,"watches_1":-1,"ears_1":-1,"moles_2":8,"nose_1":-10,"bracelets_2":0}', '[{"percent":49.27,"val":492700,"name":"hunger"},{"percent":49.4525,"val":494525,"name":"thirst"}]', 0, 52, 0, NULL, '2023-06-29 20:28:29', '2023-06-29 20:30:55', NULL, NULL),
	('char1:2e981157bb3014ba2df86ae75077580ee6dedb0d', '{"black_money":0,"bank":0,"money":500001}', 'user', '[]', 'unemployed', 0, '[]', '[]', '{"y":-746.927490234375,"x":133.10769653320313,"heading":260.78741455078127,"z":258.15087890625}', 'Muslimi', 'Nekru', '11/11/1999', 'm', 144, '{"bproof_2":0,"nose_5":10,"sun_2":0,"glasses_2":0,"chin_13":0,"face_md_weight":61,"dad":29,"sun_1":0,"lipstick_3":0,"eyebrows_6":0,"nose_2":6,"bags_1":0,"jaw_1":0,"blush_3":0,"nose_3":5,"makeup_2":0,"arms_2":0,"makeup_4":0,"makeup_3":0,"eyebrows_1":0,"neck_thickness":0,"chain_2":2,"watches_2":0,"lip_thickness":-2,"chin_2":0,"bags_2":0,"tshirt_1":4,"skin_md_weight":27,"sex":0,"bodyb_3":-1,"eyebrows_4":0,"pants_2":3,"cheeks_3":6,"mask_2":0,"bracelets_2":0,"age_1":0,"arms":1,"decals_1":0,"hair_color_2":29,"hair_2":0,"chest_3":0,"shoes_2":2,"lipstick_2":0,"chin_3":0,"glasses_1":0,"eye_color":0,"eyebrows_5":0,"makeup_1":0,"helmet_2":0,"bracelets_1":-1,"lipstick_4":0,"decals_2":0,"nose_6":0,"lipstick_1":0,"blemishes_2":0,"nose_4":8,"bproof_1":0,"blush_2":0,"hair_color_1":61,"tshirt_2":2,"cheeks_2":-10,"eyebrows_2":0,"blush_1":0,"age_2":0,"hair_1":76,"ears_1":-1,"shoes_1":70,"bodyb_1":-1,"helmet_1":-1,"chin_1":0,"moles_2":0,"chin_4":0,"mask_1":0,"pants_1":28,"torso_2":2,"watches_1":-1,"cheeks_1":2,"chain_1":22,"beard_1":11,"torso_1":23,"mom":43,"beard_2":10,"complexion_1":0,"chest_1":0,"eyebrows_3":0,"nose_1":-5,"blemishes_1":0,"beard_3":0,"ears_2":0,"chest_2":0,"eye_squint":0,"jaw_2":0,"beard_4":0,"bodyb_2":0,"moles_1":0,"bodyb_4":0,"complexion_2":0}', '[{"val":994200,"name":"hunger","percent":99.42},{"val":995650,"name":"thirst","percent":99.565}]', 0, 87, 0, NULL, '2023-07-23 19:11:27', '2023-07-23 19:12:27', NULL, NULL),
	('char1:30a451c8d7ddd011d5d6d452746b9141f90ca9fd', '{"black_money":0,"money":3300000,"bank":1200}', 'admin', '[]', 'unemployed', 0, '[]', '[]', '{"heading":42.51968383789062,"z":259.5831298828125,"y":-749.2879028320313,"x":136.04835510253907}', 'Sigma', 'Bools', '01/01/1998', 'm', 170, '{"helmet_2":0,"moles_1":0,"dad":32,"makeup_4":0,"skin_md_weight":27,"age_1":0,"tshirt_1":4,"complexion_1":0,"makeup_3":0,"lip_thickness":-2,"chest_3":0,"beard_4":0,"chin_1":0,"blush_2":0,"lipstick_1":0,"hair_color_2":29,"arms":1,"eye_squint":0,"lipstick_3":0,"jaw_2":0,"mom":43,"cheeks_1":2,"ears_2":0,"bodyb_3":-1,"tshirt_2":2,"pants_1":28,"chin_3":0,"bproof_2":0,"eyebrows_3":0,"moles_2":0,"makeup_2":0,"bproof_1":0,"nose_2":6,"eyebrows_2":0,"pants_2":3,"bracelets_2":0,"decals_1":0,"eyebrows_6":0,"age_2":0,"bags_2":0,"bracelets_1":-1,"chain_2":2,"blush_3":0,"eyebrows_4":0,"sun_1":0,"eye_color":0,"glasses_2":0,"arms_2":0,"watches_2":0,"torso_1":23,"beard_1":11,"bodyb_1":-1,"hair_1":76,"ears_1":-1,"lipstick_4":0,"nose_1":-5,"cheeks_2":-10,"eyebrows_5":0,"shoes_2":2,"glasses_1":0,"nose_3":5,"shoes_1":70,"beard_3":0,"chin_4":0,"bodyb_2":0,"chest_1":0,"lipstick_2":0,"face_md_weight":61,"bodyb_4":0,"torso_2":2,"bags_1":0,"sex":1,"blush_1":0,"makeup_1":0,"neck_thickness":0,"beard_2":10,"hair_2":0,"chin_2":0,"watches_1":-1,"mask_1":0,"blemishes_2":0,"complexion_2":0,"hair_color_1":61,"nose_5":10,"decals_2":0,"blemishes_1":0,"sun_2":0,"nose_4":8,"jaw_1":0,"nose_6":0,"eyebrows_1":0,"mask_2":0,"chain_1":22,"chin_13":0,"helmet_1":-1,"cheeks_3":6,"chest_2":0}', '[{"percent":47.3,"val":473000,"name":"hunger"},{"percent":47.975,"val":479750,"name":"thirst"}]', 1, 42, 0, NULL, '2023-06-28 19:37:21', '2023-06-28 20:33:00', NULL, NULL),
	('char1:31d0272fbfb0a8851de8a87a3e53d43496f801b9', '{"black_money":0,"money":500000,"bank":0}', 'user', '[]', 'unemployed', 0, '[]', '[]', '{"heading":243.77952575683595,"z":258.15087890625,"y":-747.4549560546875,"x":134.10989379882813}', 'Rasvapoi', 'Maha', '12/03/2000', 'm', 200, '{"bracelets_1":-1,"shoes_2":2,"decals_1":0,"shoes_1":70,"nose_4":8,"lipstick_1":0,"bodyb_3":-1,"chest_2":0,"nose_2":6,"hair_color_2":29,"eyebrows_6":0,"tshirt_1":4,"makeup_3":0,"bags_1":0,"nose_5":10,"makeup_2":0,"chain_1":22,"ears_1":-1,"chin_3":0,"age_1":0,"eye_squint":0,"makeup_1":0,"pants_1":28,"eyebrows_4":0,"glasses_1":0,"sex":0,"sun_1":0,"chin_4":0,"blush_1":0,"hair_1":76,"age_2":0,"chest_1":0,"face_md_weight":61,"sun_2":0,"mask_2":0,"beard_4":0,"skin_md_weight":27,"lipstick_3":0,"bodyb_2":0,"blush_2":0,"tshirt_2":2,"blemishes_1":0,"chin_2":0,"pants_2":3,"blemishes_2":0,"jaw_2":0,"nose_6":0,"ears_2":0,"chest_3":0,"chain_2":2,"chin_1":0,"eyebrows_2":0,"bproof_1":0,"hair_2":0,"jaw_1":0,"eyebrows_3":0,"chin_13":0,"helmet_2":0,"eyebrows_1":0,"helmet_1":-1,"bproof_2":0,"eye_color":0,"nose_3":5,"lip_thickness":-2,"arms":1,"watches_2":0,"complexion_2":0,"torso_2":2,"eyebrows_5":0,"cheeks_1":2,"beard_3":0,"bodyb_4":0,"hair_color_1":61,"moles_1":0,"neck_thickness":0,"lipstick_2":0,"arms_2":0,"mom":43,"dad":29,"complexion_1":0,"lipstick_4":0,"beard_1":11,"cheeks_2":-10,"cheeks_3":6,"blush_3":0,"decals_2":0,"torso_1":23,"bodyb_1":-1,"makeup_4":0,"beard_2":10,"mask_1":0,"glasses_2":0,"watches_1":-1,"bags_2":0,"moles_2":0,"nose_1":-5,"bracelets_2":0}', '[{"percent":99.91,"val":999100,"name":"hunger"},{"percent":99.9325,"val":999325,"name":"thirst"}]', 0, 58, 0, NULL, '2023-07-01 20:08:50', '2023-07-01 20:09:02', NULL, NULL),
	('char1:329b28f8c944bba54308061ca2dd577316c060fa', '{"black_money":0,"bank":0,"money":500000}', 'user', '[]', 'unemployed', 0, '[]', '[]', '{"y":-747.098876953125,"x":133.72747802734376,"heading":252.28346252441407,"z":258.15087890625}', 'Asdasd', 'Asdadsasd', '01/01/2000', 'm', 146, '{"bproof_2":0,"nose_5":10,"sun_2":0,"glasses_2":0,"chin_13":0,"eye_squint":0,"dad":29,"sun_1":0,"shoes_1":70,"eyebrows_6":0,"nose_2":6,"bags_1":0,"jaw_1":0,"blush_3":0,"nose_3":5,"makeup_2":0,"arms_2":0,"makeup_4":0,"makeup_3":0,"eyebrows_1":0,"neck_thickness":0,"chain_2":2,"watches_2":0,"lip_thickness":-2,"chin_2":0,"bags_2":0,"tshirt_1":4,"skin_md_weight":27,"sex":0,"bodyb_3":-1,"eyebrows_4":0,"hair_color_2":29,"cheeks_2":-10,"complexion_2":0,"bracelets_2":0,"beard_2":10,"arms":1,"cheeks_3":6,"chin_4":0,"hair_2":0,"chest_3":0,"nose_1":-5,"lipstick_2":0,"chin_3":0,"glasses_1":0,"eye_color":0,"blush_1":0,"makeup_1":0,"helmet_2":0,"bracelets_1":-1,"lipstick_4":0,"blemishes_2":0,"nose_6":0,"lipstick_1":0,"moles_1":0,"nose_4":8,"bproof_1":0,"beard_1":11,"hair_color_1":61,"tshirt_2":2,"eyebrows_3":0,"pants_2":3,"mask_1":0,"age_1":0,"hair_1":76,"ears_1":-1,"eyebrows_2":0,"bodyb_1":-1,"helmet_1":-1,"chin_1":0,"watches_1":-1,"mask_2":0,"blemishes_1":0,"pants_1":28,"torso_2":2,"lipstick_3":0,"cheeks_1":2,"chain_1":22,"blush_2":0,"torso_1":23,"mom":43,"decals_1":0,"complexion_1":0,"chest_1":0,"shoes_2":2,"bodyb_2":0,"decals_2":0,"beard_3":0,"ears_2":0,"chest_2":0,"face_md_weight":61,"jaw_2":0,"beard_4":0,"moles_2":0,"age_2":0,"bodyb_4":0,"eyebrows_5":0}', '[]', 0, 88, 0, NULL, '2023-07-24 12:03:35', '2023-07-24 12:03:49', NULL, NULL),
	('char1:3454db5abae27cc66cfd3aa7d9978aacdcd5676c', '{"black_money":0,"money":0,"bank":200}', 'user', '[]', 'unemployed', 0, '[]', '[]', '{"heading":235.2755889892578,"z":258.15087890625,"y":-750.6593627929688,"x":135.24395751953126}', 'Aatu', 'Hommo', '03/02/2000', 'm', 120, '{"watches_2":0,"glasses_2":0,"decals_1":0,"shoes_1":70,"nose_4":8,"tshirt_2":2,"bodyb_3":-1,"chest_2":0,"nose_2":6,"complexion_2":0,"eyebrows_6":0,"tshirt_1":4,"makeup_3":0,"bags_1":0,"nose_5":10,"bags_2":0,"blush_3":0,"chin_13":0,"beard_2":10,"age_1":0,"eye_squint":0,"makeup_1":0,"pants_1":28,"eyebrows_4":0,"glasses_1":0,"sex":0,"mom":43,"chin_4":0,"blush_1":0,"hair_1":76,"age_2":0,"chest_1":0,"blush_2":0,"sun_2":0,"mask_2":0,"beard_4":0,"skin_md_weight":27,"lipstick_3":0,"moles_1":0,"eye_color":0,"eyebrows_2":0,"blemishes_1":0,"chin_2":0,"pants_2":3,"blemishes_2":0,"jaw_2":0,"bodyb_4":0,"ears_2":0,"chest_3":0,"bproof_2":0,"makeup_4":0,"hair_color_2":29,"bproof_1":0,"hair_2":0,"chain_2":2,"chin_3":0,"bracelets_1":-1,"hair_color_1":61,"eyebrows_1":0,"helmet_1":-1,"face_md_weight":61,"bodyb_2":0,"helmet_2":0,"torso_2":2,"arms":1,"jaw_1":0,"lipstick_1":0,"beard_3":0,"makeup_2":0,"complexion_1":0,"bodyb_1":-1,"cheeks_3":6,"chain_1":22,"lipstick_2":0,"neck_thickness":0,"lip_thickness":-2,"nose_3":5,"chin_1":0,"ears_1":-1,"eyebrows_5":0,"lipstick_4":0,"beard_1":11,"cheeks_2":-10,"cheeks_1":2,"sun_1":0,"decals_2":0,"torso_1":23,"eyebrows_3":0,"shoes_2":2,"arms_2":0,"mask_1":0,"nose_6":0,"watches_1":-1,"dad":29,"moles_2":0,"nose_1":-5,"bracelets_2":0}', '[{"val":499700,"percent":49.97,"name":"hunger"},{"val":499775,"percent":49.9775,"name":"thirst"}]', 1, 60, 0, NULL, '2023-07-01 21:00:18', '2023-07-01 21:05:58', NULL, NULL),
	('char1:367f6ab3ad9c843ad9734554f457bf2c99ab5270', '{"black_money":0,"money":500000,"bank":0}', 'user', '[]', 'unemployed', 0, '[]', '[]', '{"heading":85.03936767578125,"z":258.15087890625,"y":-749.93408203125,"x":134.90109252929688}', 'Kirito', 'San', '03/10/2000', 'm', 191, NULL, '[{"percent":99.53,"val":995300,"name":"hunger"},{"percent":99.6475,"val":996475,"name":"thirst"}]', 0, 48, 0, NULL, '2023-06-29 15:12:32', '2023-06-29 15:13:44', NULL, NULL),
	('char1:3c520e2bd6163452e7ee944524067a62ebca6cfe', '{"black_money":0,"money":500000,"bank":0}', 'user', '[]', 'unemployed', 0, '[]', '[]', '{"heading":0.0,"z":258.15087890625,"y":-749.2747192382813,"x":136.03517150878907}', 'Esko', 'Rantala', '24/01/1979', 'm', 179, NULL, '[{"percent":99.88,"val":998800,"name":"hunger"},{"percent":99.91,"val":999100,"name":"thirst"}]', 0, 57, 0, NULL, '2023-07-01 10:34:45', '2023-07-01 10:35:03', NULL, NULL),
	('char1:3da86ab1a3946e49fa9a196d25fefd1144ad6f61', '{"money":500000,"bank":600,"black_money":0}', 'user', '[]', 'unemployed', 0, '[]', '[]', '{"y":-749.2747192382813,"x":136.04835510253907,"heading":0.0,"z":258.1051025390625}', 'Jarkko', 'Junkkari', '04/02/2000', 'm', 185, '{"bproof_2":0,"nose_5":0,"sun_2":0,"glasses_2":0,"chin_13":0,"eye_squint":0,"dad":2,"sun_1":0,"lipstick_3":0,"eyebrows_6":0,"nose_2":0,"bags_1":0,"jaw_1":1,"blush_3":0,"nose_3":0,"blemishes_1":0,"arms_2":0,"makeup_4":0,"makeup_3":0,"eyebrows_1":0,"neck_thickness":0,"chain_2":0,"watches_2":0,"lip_thickness":0,"decals_2":0,"bags_2":0,"tshirt_1":15,"skin_md_weight":53,"sex":0,"bodyb_3":-1,"eyebrows_4":0,"beard_1":11,"age_2":0,"torso_1":50,"bracelets_2":0,"blush_1":0,"arms":0,"mask_2":0,"chin_4":0,"hair_2":1,"chest_3":0,"makeup_2":0,"lipstick_2":0,"chin_3":0,"glasses_1":0,"moles_1":0,"eye_color":0,"makeup_1":0,"helmet_2":0,"bracelets_1":-1,"lipstick_4":0,"face_md_weight":51,"nose_6":0,"lipstick_1":0,"bodyb_2":0,"nose_4":0,"bproof_1":2,"watches_1":-1,"hair_color_1":0,"tshirt_2":0,"eyebrows_3":0,"pants_2":1,"beard_2":10,"mask_1":0,"hair_1":1,"ears_1":-1,"eyebrows_5":0,"bodyb_1":-1,"helmet_1":-1,"chin_1":0,"hair_color_2":0,"chin_2":0,"age_1":0,"pants_1":6,"torso_2":0,"eyebrows_2":0,"cheeks_1":0,"chain_1":0,"blush_2":0,"decals_1":0,"mom":22,"nose_1":1,"complexion_1":0,"chest_1":0,"complexion_2":0,"cheeks_2":0,"cheeks_3":0,"beard_3":0,"ears_2":0,"chest_2":0,"blemishes_2":0,"jaw_2":0,"beard_4":0,"moles_2":0,"shoes_1":3,"bodyb_4":0,"shoes_2":0}', '[{"val":904200,"percent":90.42,"name":"hunger"},{"val":928150,"percent":92.815,"name":"thirst"}]', 0, 81, 0, NULL, '2023-07-22 14:30:04', '2023-07-22 14:46:16', NULL, NULL),
	('char1:3f163fea5bd3a27945cb2979002e3215005487db', '{"black_money":0,"bank":200,"money":1}', 'user', '[]', 'unemployed', 0, '[]', '[]', '{"y":-750.2373657226563,"x":136.76043701171876,"heading":357.16534423828127,"z":258.15087890625}', 'Orja', 'Neekeri', '22/04/1999', 'm', 120, '{"bproof_2":6,"mask_2":0,"sun_2":0,"glasses_2":1,"chin_13":0,"bodyb_2":0,"dad":12,"sun_1":0,"lipstick_3":0,"eyebrows_6":0,"nose_2":1,"bags_1":3,"jaw_1":4,"blush_3":0,"nose_3":2,"age_2":0,"watches_1":1,"makeup_4":0,"makeup_3":0,"eyebrows_1":1,"neck_thickness":1,"chain_2":0,"cheeks_3":0,"lip_thickness":0,"chin_2":1,"bags_2":0,"tshirt_1":16,"skin_md_weight":54,"blemishes_2":0,"bodyb_3":-1,"eyebrows_4":0,"decals_2":0,"arms_2":0,"pants_2":0,"bracelets_2":0,"beard_2":10,"arms":0,"eye_color":2,"hair_color_2":0,"hair_2":4,"chest_3":0,"beard_1":11,"shoes_2":0,"chin_3":1,"glasses_1":5,"moles_1":0,"chin_4":1,"makeup_1":0,"helmet_2":3,"bracelets_1":0,"nose_1":5,"eyebrows_3":1,"nose_6":0,"lipstick_1":0,"watches_2":1,"nose_4":0,"bproof_1":26,"eye_squint":1,"hair_color_1":0,"tshirt_2":0,"cheeks_2":0,"eyebrows_2":1,"eyebrows_5":0,"face_md_weight":49,"hair_1":4,"ears_1":-1,"decals_1":0,"bodyb_1":-1,"helmet_1":20,"chin_1":1,"moles_2":0,"lipstick_4":0,"blemishes_1":0,"pants_1":0,"torso_2":0,"complexion_2":0,"cheeks_1":0,"chain_1":4,"blush_2":0,"torso_1":12,"mom":30,"lipstick_2":0,"complexion_1":0,"chest_1":0,"blush_1":0,"age_1":0,"nose_5":1,"beard_3":0,"ears_2":0,"chest_2":0,"sex":0,"jaw_2":1,"beard_4":0,"shoes_1":0,"makeup_2":0,"bodyb_4":0,"mask_1":51}', '[{"val":496600,"name":"hunger","percent":49.66},{"val":497450,"name":"thirst","percent":49.745}]', 0, 78, 0, NULL, '2023-07-20 01:11:05', '2023-07-20 01:18:11', NULL, NULL),
	('char1:4223f5b05c1203fd31c4aaffaa62763f4fdaff95', '{"black_money":0,"bank":0,"money":500000}', 'user', '[]', 'unemployed', 0, '[]', '[]', '{"y":-753.5076904296875,"x":142.44395446777345,"heading":243.77952575683595,"z":258.15087890625}', 'Ari', 'Makinen', '05/03/1995', 'm', 170, '{"bproof_2":0,"mask_2":0,"sun_2":0,"complexion_2":0,"chin_13":0,"eye_squint":0,"dad":29,"sun_1":0,"lipstick_3":0,"eyebrows_6":0,"nose_2":6,"bags_1":0,"jaw_1":0,"blush_3":0,"nose_3":5,"blemishes_1":0,"arms_2":0,"makeup_4":0,"makeup_3":0,"eyebrows_1":0,"neck_thickness":0,"chain_2":2,"watches_2":0,"lip_thickness":-2,"chin_2":0,"bags_2":0,"tshirt_1":4,"skin_md_weight":27,"sex":0,"bodyb_3":-1,"eyebrows_4":0,"eyebrows_5":0,"eye_color":0,"face_md_weight":61,"bracelets_2":0,"beard_2":10,"arms":1,"decals_1":0,"hair_color_2":29,"hair_2":0,"chest_3":0,"watches_1":-1,"lipstick_2":0,"chin_3":0,"glasses_1":0,"moles_1":0,"age_2":0,"makeup_1":0,"helmet_2":0,"bracelets_1":-1,"nose_1":-5,"shoes_2":2,"nose_6":0,"lipstick_1":0,"bodyb_2":0,"nose_4":8,"bproof_1":0,"beard_1":11,"hair_color_1":61,"tshirt_2":2,"eyebrows_3":0,"eyebrows_2":0,"chin_4":0,"makeup_2":0,"hair_1":76,"ears_1":-1,"lipstick_4":0,"bodyb_1":-1,"helmet_1":-1,"chin_1":0,"mask_1":0,"blush_1":0,"blemishes_2":0,"pants_1":28,"torso_2":2,"cheeks_3":6,"cheeks_1":2,"chain_1":22,"blush_2":0,"torso_1":23,"mom":43,"glasses_2":0,"complexion_1":0,"chest_1":0,"pants_2":3,"shoes_1":70,"age_1":0,"beard_3":0,"ears_2":0,"chest_2":0,"decals_2":0,"jaw_2":0,"beard_4":0,"cheeks_2":-10,"moles_2":0,"bodyb_4":0,"nose_5":10}', '[]', 0, 98, 0, NULL, '2023-07-28 04:41:09', '2023-07-28 04:41:21', NULL, NULL),
	('char1:4255a50b66661c4b6ac96477e2604fe25c321f15', '{"black_money":0,"bank":400,"money":0}', 'user', '[]', 'unemployed', 0, '[]', '[]', '{"y":-746.6901245117188,"x":131.40658569335938,"heading":280.6299133300781,"z":258.15087890625}', 'Pasi', 'Mellakka', '03/07/2000', 'm', 180, '{"bproof_2":0,"mask_2":0,"sun_2":0,"glasses_2":0,"chin_13":0,"bodyb_2":0,"dad":0,"sun_1":0,"lipstick_3":0,"eyebrows_6":0,"nose_2":6,"bags_1":0,"jaw_1":0,"blush_3":0,"nose_3":5,"blemishes_1":0,"watches_1":-1,"makeup_4":0,"makeup_3":0,"eyebrows_1":0,"neck_thickness":0,"chain_2":2,"watches_2":0,"lip_thickness":-2,"chin_2":0,"bags_2":0,"tshirt_1":4,"skin_md_weight":27,"blemishes_2":0,"bodyb_3":-1,"eyebrows_4":0,"mask_1":0,"blush_2":0,"makeup_2":0,"bracelets_2":0,"beard_2":10,"arms":1,"torso_1":23,"hair_color_2":29,"hair_2":0,"chest_3":0,"cheeks_2":-10,"lipstick_2":0,"chin_3":0,"glasses_1":0,"eye_color":0,"arms_2":0,"makeup_1":0,"helmet_2":0,"bracelets_1":-1,"lipstick_4":0,"nose_1":-5,"nose_6":0,"lipstick_1":0,"face_md_weight":61,"nose_4":8,"bproof_1":0,"chin_4":0,"hair_color_1":61,"tshirt_2":2,"eyebrows_3":0,"eyebrows_2":0,"cheeks_3":6,"shoes_2":2,"hair_1":76,"ears_1":-1,"pants_2":3,"bodyb_1":-1,"helmet_1":-1,"chin_1":0,"eye_squint":0,"nose_5":10,"decals_2":0,"pants_1":28,"moles_2":0,"moles_1":0,"cheeks_1":2,"chain_1":22,"beard_1":11,"decals_1":0,"mom":21,"complexion_2":0,"complexion_1":0,"chest_1":0,"torso_2":2,"eyebrows_5":0,"sex":0,"beard_3":0,"ears_2":0,"chest_2":0,"age_2":0,"jaw_2":0,"beard_4":0,"blush_1":0,"shoes_1":70,"bodyb_4":0,"age_1":0}', '[{"val":497000,"name":"hunger","percent":49.7},{"val":497750,"name":"thirst","percent":49.775}]', 0, 101, 0, NULL, '2023-07-31 14:39:09', '2023-07-31 14:53:53', NULL, NULL),
	('char1:435982c4cd0ddc795a0a29b421fcb831988e23df', '{"money":500000,"bank":0,"black_money":0}', 'user', '[]', 'unemployed', 0, '[]', '[]', '{"z":258.15087890625,"heading":59.52755737304687,"x":131.72308349609376,"y":-746.08349609375}', 'Gsdfs', 'Gdsfgs', '01/03/2000', 'm', 169, '{"mask_2":0,"decals_1":0,"eyebrows_3":0,"pants_1":28,"bodyb_3":-1,"sex":0,"chest_1":0,"chain_2":2,"moles_1":0,"beard_3":0,"chest_2":0,"eyebrows_6":0,"bodyb_4":0,"arms_2":0,"nose_3":5,"jaw_2":0,"eyebrows_2":0,"tshirt_2":2,"blush_3":0,"eyebrows_5":0,"hair_color_1":61,"chain_1":22,"ears_1":-1,"arms":1,"watches_1":-1,"complexion_2":0,"nose_2":6,"beard_1":11,"nose_4":8,"glasses_2":0,"nose_1":-5,"skin_md_weight":27,"nose_5":10,"sun_2":0,"face_md_weight":61,"mask_1":0,"mom":21,"helmet_2":0,"chin_3":0,"makeup_2":0,"lipstick_3":0,"moles_2":0,"chest_3":0,"bags_2":0,"makeup_1":0,"blemishes_2":0,"cheeks_1":2,"chin_1":0,"age_1":0,"lipstick_1":0,"ears_2":0,"chin_4":0,"makeup_3":0,"cheeks_3":6,"blush_1":0,"watches_2":0,"eyebrows_1":0,"bracelets_2":0,"hair_2":0,"complexion_1":0,"lip_thickness":-2,"eye_squint":0,"blush_2":0,"torso_2":2,"decals_2":0,"nose_6":0,"bodyb_2":0,"beard_2":10,"blemishes_1":0,"jaw_1":0,"bodyb_1":-1,"tshirt_1":4,"beard_4":0,"glasses_1":0,"sun_1":0,"hair_color_2":29,"makeup_4":0,"bracelets_1":-1,"chin_13":0,"lipstick_4":0,"hair_1":76,"neck_thickness":0,"cheeks_2":-10,"age_2":0,"torso_1":23,"chin_2":0,"eye_color":0,"bags_1":0,"pants_2":3,"bproof_1":0,"shoes_1":70,"lipstick_2":0,"helmet_1":-1,"dad":0,"bproof_2":0,"eyebrows_4":0,"shoes_2":2}', '[{"val":999300,"name":"hunger","percent":99.92999999999999},{"val":999475,"name":"thirst","percent":99.9475}]', 0, 62, 0, NULL, '2023-07-06 21:37:52', '2023-07-06 21:38:24', NULL, NULL),
	('char1:4431c5ed1c390c0b4edcb46af334ed4885e050bf', '{"black_money":0,"money":499999,"bank":200}', 'user', '[]', 'unemployed', 0, '[]', '[]', '{"x":136.04835510253907,"z":258.1051025390625,"y":-749.2747192382813,"heading":0.0}', 'Keijo', 'Persereika', '01/01/2000', 'f', 200, '{"watches_2":0,"glasses_2":12,"decals_1":0,"shoes_1":20,"nose_4":0,"tshirt_2":5,"bodyb_3":-1,"chest_2":0,"nose_2":4,"hair_color_2":35,"eyebrows_6":-8,"tshirt_1":111,"makeup_3":0,"bags_1":0,"nose_5":0,"bags_2":0,"chain_1":85,"ears_1":-1,"chin_3":0,"beard_3":0,"eye_squint":-6,"makeup_1":0,"pants_1":12,"eyebrows_4":9,"glasses_1":33,"eyebrows_3":52,"mom":28,"chin_4":0,"blush_1":0,"hair_1":43,"eyebrows_2":7,"chest_1":0,"bodyb_1":-1,"lip_thickness":0,"mask_2":0,"complexion_1":0,"skin_md_weight":60,"jaw_1":0,"moles_1":12,"sun_1":0,"lipstick_3":0,"blemishes_1":0,"chin_2":10,"pants_2":2,"beard_2":0,"jaw_2":0,"eyebrows_5":-5,"ears_2":0,"chest_3":0,"chain_2":0,"dad":6,"lipstick_2":0,"blush_2":0,"hair_2":0,"lipstick_1":0,"cheeks_3":0,"bracelets_1":-1,"helmet_2":0,"eyebrows_1":32,"helmet_1":-1,"blemishes_2":0,"nose_3":5,"shoes_2":10,"bproof_1":0,"arms":3,"bodyb_2":0,"complexion_2":0,"age_2":0,"sex":1,"bproof_2":0,"makeup_4":0,"arms_2":0,"beard_4":0,"chin_1":-10,"neck_thickness":-5,"cheeks_1":0,"sun_2":0,"torso_2":2,"face_md_weight":63,"age_1":0,"lipstick_4":0,"beard_1":0,"cheeks_2":0,"blush_3":0,"makeup_2":0,"decals_2":0,"torso_1":25,"eye_color":8,"bodyb_4":0,"chin_13":-10,"mask_1":0,"nose_6":0,"watches_1":-1,"hair_color_1":29,"moles_2":8,"nose_1":-10,"bracelets_2":0}', '[{"val":977900,"percent":97.78999999999999,"name":"hunger"},{"val":983425,"percent":98.3425,"name":"thirst"}]', 0, 46, 0, NULL, '2023-06-28 20:32:48', '2023-06-28 20:36:43', NULL, NULL),
	('char1:447732492a69aa7664af74cdb6f9f2aac59e82e8', '{"black_money":0,"bank":200,"money":500002}', 'user', '[]', 'unemployed', 0, '[]', '[]', '{"y":-747.89013671875,"x":134.61099243164063,"heading":269.2913513183594,"z":258.15087890625}', 'Jaaake', 'Saasdfa', '02/02/2000', 'm', 121, '{"bproof_2":0,"mask_2":0,"sun_2":0,"complexion_2":0,"chin_13":0,"face_md_weight":50,"dad":0,"sun_1":0,"shoes_1":1,"eyebrows_6":0,"nose_2":0,"bags_1":0,"jaw_1":0,"blush_3":0,"nose_3":0,"makeup_2":0,"watches_1":-1,"makeup_4":0,"makeup_3":0,"eyebrows_1":0,"neck_thickness":0,"chain_2":2,"cheeks_3":0,"lip_thickness":0,"chin_2":0,"bags_2":0,"tshirt_1":0,"skin_md_weight":50,"sex":0,"bodyb_3":-1,"eyebrows_4":0,"shoes_2":2,"arms_2":0,"mask_1":0,"bracelets_2":0,"blush_1":0,"arms":0,"eye_squint":0,"hair_color_2":0,"hair_2":0,"chest_3":0,"nose_5":0,"lipstick_2":0,"chin_3":0,"glasses_1":0,"moles_1":0,"torso_1":4,"makeup_1":0,"helmet_2":0,"eyebrows_5":0,"nose_1":0,"bracelets_1":-1,"nose_6":0,"lipstick_1":0,"cheeks_2":0,"nose_4":0,"bproof_1":0,"pants_2":1,"hair_color_1":0,"tshirt_2":0,"eyebrows_3":0,"eyebrows_2":0,"chin_4":0,"blemishes_1":0,"hair_1":2,"ears_1":-1,"blush_2":0,"bodyb_1":-1,"helmet_1":-1,"chin_1":0,"moles_2":0,"lipstick_3":0,"watches_2":0,"pants_1":0,"torso_2":0,"lipstick_4":0,"cheeks_1":0,"chain_1":22,"beard_1":11,"decals_1":0,"mom":23,"beard_2":10,"complexion_1":0,"chest_1":0,"blemishes_2":0,"decals_2":0,"age_1":0,"beard_3":0,"ears_2":0,"chest_2":0,"eye_color":0,"jaw_2":0,"beard_4":0,"age_2":0,"bodyb_2":0,"bodyb_4":0,"glasses_2":0}', '[{"val":988600,"percent":98.86,"name":"hunger"},{"val":991450,"percent":99.14500000000001,"name":"thirst"}]', 0, 112, 0, NULL, '2023-08-02 18:16:41', '2023-08-02 18:18:59', NULL, NULL),
	('char1:45da3846a3840111ce256963f2117a58165c3799', '{"black_money":0,"money":0,"bank":400}', 'user', '[]', 'unemployed', 0, '[]', '[]', '{"heading":294.80316162109377,"z":258.15087890625,"y":-748.6813354492188,"x":137.70989990234376}', 'Neekeri', 'Ojapera', '01/02/2000', 'm', 190, '{"bracelets_1":-1,"glasses_2":0,"decals_1":0,"shoes_1":70,"bproof_1":0,"lipstick_1":0,"bodyb_3":-1,"chest_2":0,"nose_2":6,"eyebrows_5":0,"eyebrows_6":0,"tshirt_1":4,"makeup_3":0,"bags_1":0,"nose_5":10,"makeup_2":0,"blush_3":0,"chin_13":0,"beard_2":10,"age_1":0,"eye_squint":0,"makeup_1":0,"pants_1":28,"lipstick_2":0,"glasses_1":0,"sex":1,"sun_1":0,"chin_4":0,"blush_1":0,"hair_1":76,"age_2":0,"chest_1":0,"blush_2":0,"sun_2":0,"mask_2":0,"beard_4":0,"skin_md_weight":27,"jaw_1":0,"moles_1":0,"blemishes_2":0,"helmet_2":0,"blemishes_1":0,"chin_2":0,"pants_2":3,"dad":29,"cheeks_1":2,"mom":22,"ears_2":0,"chest_3":0,"chain_2":2,"chin_1":0,"complexion_2":0,"nose_6":0,"hair_2":0,"eyebrows_3":0,"shoes_2":2,"makeup_4":0,"hair_color_1":61,"torso_2":2,"helmet_1":-1,"bproof_2":0,"eyebrows_4":0,"nose_4":8,"bodyb_4":0,"arms":1,"bodyb_2":0,"jaw_2":0,"ears_1":-1,"chain_1":22,"lip_thickness":-2,"eye_color":0,"cheeks_3":6,"eyebrows_1":0,"hair_color_2":29,"neck_thickness":0,"complexion_1":0,"nose_3":5,"chin_3":0,"lipstick_3":0,"beard_3":0,"lipstick_4":0,"beard_1":11,"cheeks_2":-10,"bags_2":0,"arms_2":0,"decals_2":0,"torso_1":23,"face_md_weight":61,"watches_2":0,"eyebrows_2":0,"mask_1":0,"tshirt_2":2,"watches_1":-1,"bodyb_1":-1,"moles_2":0,"nose_1":-5,"bracelets_2":0}', '[{"percent":49.55999999999999,"val":495600,"name":"hunger"},{"percent":49.66999999999999,"val":496700,"name":"thirst"}]', 1, 59, 0, NULL, '2023-07-01 20:54:12', '2023-07-01 21:06:27', NULL, NULL),
	('char1:4eb89caed8e660e766df4d1fb117064b143f9bb0', '{"black_money":0,"bank":600,"money":0}', 'user', '[]', 'unemployed', 0, '[]', '[]', '{"y":-746.5054931640625,"x":132.5142822265625,"heading":297.6377868652344,"z":258.15087890625}', 'Sad', 'Adas', '12/11/2000', 'm', 120, '{"bproof_2":0,"mask_2":0,"sun_2":0,"complexion_2":0,"chin_13":0,"bodyb_2":0,"dad":29,"sun_1":0,"shoes_1":70,"eyebrows_6":0,"nose_2":6,"bags_1":0,"jaw_1":0,"blush_3":0,"nose_3":5,"age_2":0,"watches_1":-1,"makeup_4":0,"makeup_3":0,"eyebrows_1":0,"neck_thickness":0,"chain_2":2,"watches_2":0,"lip_thickness":-2,"decals_2":0,"bags_2":0,"tshirt_1":4,"skin_md_weight":27,"sex":0,"bodyb_3":-1,"eyebrows_4":0,"lipstick_4":0,"moles_1":0,"chin_2":0,"bracelets_2":0,"beard_2":10,"arms":1,"eye_squint":0,"hair_color_2":29,"hair_2":0,"chest_3":0,"decals_1":0,"shoes_2":2,"chin_3":0,"glasses_1":0,"eye_color":0,"lipstick_2":0,"makeup_1":0,"helmet_2":0,"eyebrows_5":0,"nose_1":-5,"makeup_2":0,"nose_6":0,"lipstick_1":0,"nose_5":10,"nose_4":8,"bproof_1":0,"torso_2":2,"hair_color_1":61,"tshirt_2":2,"cheeks_2":-10,"pants_2":3,"cheeks_3":6,"face_md_weight":61,"hair_1":76,"ears_1":-1,"lipstick_3":0,"bodyb_1":-1,"helmet_1":-1,"chin_1":0,"blemishes_2":0,"blush_1":0,"mask_1":0,"pants_1":28,"moles_2":0,"beard_1":11,"cheeks_1":2,"chain_1":22,"blush_2":0,"torso_1":23,"mom":43,"arms_2":0,"complexion_1":0,"chest_1":0,"chin_4":0,"eyebrows_2":0,"age_1":0,"beard_3":0,"ears_2":0,"chest_2":0,"blemishes_1":0,"jaw_2":0,"beard_4":0,"eyebrows_3":0,"glasses_2":0,"bodyb_4":0,"bracelets_1":-1}', '[{"val":498700,"percent":49.87,"name":"hunger"},{"val":499025,"percent":49.90249999999999,"name":"thirst"}]', 0, 99, 0, NULL, '2023-07-30 20:52:08', '2023-07-30 21:08:41', NULL, NULL),
	('char1:4fb369eee297a2ae559b93b3a3746172de426420', '{"black_money":0,"money":3,"bank":400}', 'user', '[]', 'unemployed', 0, '[]', '[]', '{"heading":153.0708770751953,"z":258.15087890625,"y":-750.3956298828125,"x":134.59780883789063}', 'Samppi', 'Homo', '12/12/2000', 'm', 187, '{"watches_2":0,"glasses_2":0,"decals_1":0,"shoes_1":70,"bproof_1":0,"lipstick_1":0,"blemishes_2":0,"chest_2":0,"nose_2":6,"eyebrows_5":0,"eyebrows_6":0,"tshirt_1":4,"makeup_3":0,"bags_1":0,"nose_5":10,"bags_2":0,"blush_3":0,"ears_1":-1,"beard_2":10,"beard_3":0,"eye_squint":0,"makeup_1":0,"pants_1":28,"lipstick_2":0,"glasses_1":0,"sex":0,"sun_1":0,"chin_4":0,"blush_1":0,"hair_1":76,"age_2":0,"chest_1":0,"face_md_weight":61,"sun_2":0,"mask_2":0,"beard_4":0,"skin_md_weight":27,"lipstick_3":0,"bodyb_2":0,"eyebrows_4":0,"eye_color":0,"blemishes_1":0,"chin_2":0,"pants_2":3,"age_1":0,"jaw_2":0,"chest_3":0,"ears_2":0,"nose_3":5,"chain_2":2,"chin_1":0,"blush_2":0,"torso_2":2,"hair_2":0,"nose_6":0,"helmet_2":0,"chin_3":0,"hair_color_1":61,"eyebrows_1":0,"helmet_1":-1,"bracelets_1":-1,"makeup_4":0,"arms_2":0,"dad":29,"arms":1,"bproof_2":0,"makeup_2":0,"lip_thickness":-2,"shoes_2":2,"jaw_1":0,"moles_1":0,"bodyb_4":0,"chain_1":22,"tshirt_2":2,"neck_thickness":0,"complexion_1":0,"cheeks_1":2,"complexion_2":0,"eyebrows_3":0,"eyebrows_2":0,"lipstick_4":0,"beard_1":11,"cheeks_2":-10,"bodyb_1":-1,"mom":21,"decals_2":0,"torso_1":23,"chin_13":0,"hair_color_2":29,"bodyb_3":-1,"mask_1":0,"cheeks_3":6,"watches_1":-1,"nose_4":8,"moles_2":0,"nose_1":-5,"bracelets_2":0}', '[{"percent":49.76,"val":497600,"name":"hunger"},{"percent":49.82,"val":498200,"name":"thirst"}]', 0, 51, 0, NULL, '2023-06-29 20:27:08', '2023-06-29 20:41:01', NULL, NULL),
	('char1:507dc770b2798b376a730bbd8c68451e0167ad55', '{"black_money":0,"bank":800,"money":2000002}', 'user', '[]', 'unemployed', 0, '[]', '[]', '{"y":-749.2747192382813,"x":136.04835510253907,"heading":138.8976287841797,"z":259.5999755859375}', 'Jorgos', 'Sigma', '03/01/1998', 'f', 180, '{"bproof_2":0,"nose_5":0,"sun_2":0,"glasses_2":12,"chin_13":-10,"bodyb_2":0,"dad":2,"sun_1":0,"lipstick_3":0,"eyebrows_6":-8,"nose_2":0,"bags_1":0,"jaw_1":0,"blush_3":0,"nose_3":0,"age_2":0,"arms_2":0,"makeup_4":0,"makeup_3":0,"eyebrows_1":32,"neck_thickness":0,"chain_2":0,"cheeks_3":0,"lip_thickness":0,"chin_2":0,"bags_2":0,"tshirt_1":0,"skin_md_weight":50,"sex":1,"bodyb_3":-1,"eyebrows_4":9,"complexion_2":0,"moles_1":12,"mask_1":0,"bracelets_2":0,"age_1":0,"arms":3,"eyebrows_5":-5,"chin_4":0,"hair_2":0,"chest_3":0,"decals_2":0,"shoes_2":10,"chin_3":0,"glasses_1":33,"eye_color":8,"watches_2":0,"makeup_1":0,"helmet_2":0,"bracelets_1":-1,"nose_1":0,"hair_color_2":0,"nose_6":0,"lipstick_1":0,"watches_1":-1,"nose_4":0,"bproof_1":0,"lipstick_4":0,"hair_color_1":0,"tshirt_2":0,"cheeks_2":0,"eyebrows_2":7,"torso_2":0,"eye_squint":-6,"hair_1":0,"ears_1":-1,"blemishes_1":0,"bodyb_1":-1,"helmet_1":-1,"chin_1":0,"lipstick_2":0,"beard_2":0,"mask_2":0,"pants_1":12,"moles_2":8,"shoes_1":20,"cheeks_1":0,"chain_1":85,"beard_1":0,"decals_1":0,"mom":22,"blemishes_2":0,"complexion_1":0,"chest_1":0,"blush_1":0,"makeup_2":0,"torso_1":0,"beard_3":0,"ears_2":0,"chest_2":0,"blush_2":0,"jaw_2":0,"beard_4":0,"eyebrows_3":52,"pants_2":2,"bodyb_4":0,"face_md_weight":53}', '[{"val":433400,"name":"hunger","percent":43.34},{"val":450050,"name":"thirst","percent":45.005}]', 0, 92, 0, NULL, '2023-07-26 20:42:21', '2023-07-26 21:05:24', NULL, NULL),
	('char1:52c64867254e1819be979cc1e68c8c7457f7e542', '{"black_money":0,"bank":0,"money":0}', 'user', '[]', 'unemployed', 0, '[]', '[]', '{"y":-746.3076782226563,"x":132.4879150390625,"heading":226.7716522216797,"z":258.15087890625}', 'Jari', 'Markku', '12/12/2000', 'f', 169, '{"bproof_2":0,"nose_5":0,"sun_2":0,"complexion_2":0,"chin_13":-10,"bodyb_2":0,"dad":6,"sun_1":0,"shoes_1":20,"eyebrows_6":-8,"nose_2":4,"bags_1":0,"jaw_1":0,"blush_3":0,"nose_3":5,"makeup_2":0,"arms_2":0,"makeup_4":0,"makeup_3":0,"eyebrows_1":32,"neck_thickness":-5,"chain_2":0,"cheeks_3":0,"lip_thickness":0,"decals_2":0,"bags_2":0,"tshirt_1":111,"skin_md_weight":60,"blemishes_2":0,"bodyb_3":-1,"eyebrows_4":9,"lipstick_2":0,"moles_2":8,"beard_2":0,"bracelets_2":0,"age_1":0,"arms":3,"bracelets_1":-1,"hair_color_2":35,"hair_2":0,"chest_3":0,"torso_1":25,"shoes_2":10,"chin_3":0,"glasses_1":33,"eye_color":8,"lipstick_3":0,"makeup_1":0,"helmet_2":0,"eyebrows_5":-5,"nose_1":-10,"chin_4":0,"nose_6":0,"lipstick_1":0,"glasses_2":12,"nose_4":0,"bproof_1":0,"moles_1":12,"hair_color_1":29,"tshirt_2":5,"eyebrows_3":52,"pants_2":2,"sex":1,"mask_2":0,"hair_1":43,"ears_1":-1,"eyebrows_2":7,"bodyb_1":-1,"helmet_1":-1,"chin_1":-10,"eye_squint":-6,"chin_2":10,"lipstick_4":0,"pants_1":12,"torso_2":2,"mask_1":0,"cheeks_1":0,"chain_1":85,"blush_2":0,"decals_1":0,"mom":28,"cheeks_2":0,"complexion_1":0,"chest_1":0,"watches_1":-1,"watches_2":0,"beard_1":0,"beard_3":0,"ears_2":0,"chest_2":0,"age_2":0,"jaw_2":0,"beard_4":0,"blemishes_1":0,"face_md_weight":63,"bodyb_4":0,"blush_1":0}', '[{"val":499000,"name":"hunger","percent":49.9},{"val":499250,"name":"thirst","percent":49.925}]', 0, 109, 0, NULL, '2023-08-02 01:39:25', '2023-08-02 01:42:57', NULL, NULL),
	('char1:573f1103277e362183e3e7af128b0b633513af9e', '{"money":499999,"bank":400,"black_money":0}', 'user', '[]', 'unemployed', 0, '[]', '[]', '{"z":258.1051025390625,"y":-749.2747192382813,"x":136.04835510253907,"heading":0.0}', 'Eee', 'Eee', '07/09/1999', 'm', 190, '{"age_2":0,"mask_2":0,"tshirt_2":2,"glasses_1":0,"hair_2":0,"chain_2":2,"watches_1":-1,"makeup_4":0,"complexion_1":0,"beard_4":0,"mask_1":0,"eyebrows_3":0,"eyebrows_4":0,"arms":1,"makeup_1":0,"blush_1":0,"torso_2":2,"helmet_2":0,"lip_thickness":-2,"lipstick_4":0,"ears_1":-1,"pants_1":28,"nose_2":6,"cheeks_3":6,"skin_md_weight":27,"eyebrows_2":0,"age_1":0,"chin_2":0,"blush_3":0,"bproof_1":0,"chin_13":0,"hair_1":76,"jaw_2":0,"eyebrows_6":0,"chin_1":0,"chest_3":0,"sun_1":0,"eye_color":0,"bproof_2":0,"makeup_2":0,"eyebrows_1":0,"lipstick_1":0,"moles_2":0,"nose_5":10,"decals_2":0,"bags_2":0,"chest_1":0,"face_md_weight":61,"nose_6":0,"torso_1":23,"chest_2":0,"sex":0,"bodyb_2":0,"arms_2":0,"beard_3":0,"mom":43,"bodyb_3":-1,"dad":29,"nose_3":5,"ears_2":0,"lipstick_2":0,"cheeks_1":2,"shoes_1":70,"tshirt_1":4,"chain_1":22,"bracelets_1":-1,"nose_4":8,"beard_1":11,"makeup_3":0,"shoes_2":2,"bags_1":0,"moles_1":0,"blemishes_1":0,"watches_2":0,"bodyb_1":-1,"sun_2":0,"jaw_1":0,"hair_color_1":61,"complexion_2":0,"blush_2":0,"helmet_1":-1,"pants_2":3,"chin_3":0,"decals_1":0,"beard_2":10,"hair_color_2":29,"bodyb_4":0,"cheeks_2":-10,"eyebrows_5":0,"glasses_2":0,"eye_squint":0,"bracelets_2":0,"blemishes_2":0,"neck_thickness":0,"chin_4":0,"nose_1":-5,"lipstick_3":0}', '[{"val":926000,"percent":92.60000000000001,"name":"hunger"},{"val":944500,"percent":94.45,"name":"thirst"}]', 0, 34, 0, NULL, '2023-06-26 09:44:29', '2023-06-26 09:57:05', NULL, NULL),
	('char1:578c996ff11d8107ae9cd8d52975cc929cfe1846', '{"black_money":0,"bank":0,"money":500001}', 'user', '[]', 'unemployed', 0, '[]', '[]', '{"y":-746.1758422851563,"x":129.019775390625,"heading":246.61416625976563,"z":258.15087890625}', 'Ddd', 'Ddd', '05/02/2000', 'm', 120, '{"bproof_2":0,"mask_2":0,"sun_2":0,"glasses_2":0,"chin_13":0,"face_md_weight":61,"dad":29,"sun_1":0,"shoes_1":70,"eyebrows_6":0,"nose_2":6,"bags_1":0,"jaw_1":0,"blush_3":0,"nose_3":5,"blemishes_1":0,"arms_2":0,"makeup_4":0,"makeup_3":0,"eyebrows_1":0,"neck_thickness":0,"chain_2":2,"watches_2":0,"lip_thickness":-2,"decals_2":0,"bags_2":0,"tshirt_1":4,"skin_md_weight":27,"blemishes_2":0,"bodyb_3":-1,"eyebrows_4":0,"complexion_2":0,"beard_1":11,"lipstick_4":0,"bracelets_2":0,"beard_2":10,"arms":1,"nose_5":10,"hair_color_2":29,"hair_2":0,"chest_3":0,"chin_2":0,"mask_1":0,"chin_3":0,"glasses_1":0,"moles_1":0,"torso_1":23,"makeup_1":0,"helmet_2":0,"bracelets_1":-1,"nose_1":-5,"eye_color":0,"nose_6":0,"lipstick_1":0,"lipstick_2":0,"nose_4":8,"bproof_1":0,"watches_1":-1,"hair_color_1":61,"tshirt_2":2,"eyebrows_3":0,"eyebrows_2":0,"torso_2":2,"chin_4":0,"hair_1":76,"ears_1":-1,"shoes_2":2,"bodyb_1":-1,"helmet_1":-1,"chin_1":0,"cheeks_2":-10,"blush_1":0,"sex":0,"pants_1":28,"moles_2":0,"eyebrows_5":0,"cheeks_1":2,"chain_1":22,"blush_2":0,"decals_1":0,"mom":43,"eye_squint":0,"complexion_1":0,"chest_1":0,"cheeks_3":6,"makeup_2":0,"bodyb_2":0,"beard_3":0,"ears_2":0,"chest_2":0,"lipstick_3":0,"jaw_2":0,"beard_4":0,"age_2":0,"pants_2":3,"bodyb_4":0,"age_1":0}', '[{"val":984500,"percent":98.45,"name":"hunger"},{"val":988375,"percent":98.8375,"name":"thirst"}]', 0, 80, 0, NULL, '2023-07-21 00:25:44', '2023-07-21 00:28:39', NULL, NULL),
	('char1:610c157e711b77cb86601588b32acdafb802fbe0', '{"money":500000,"bank":0,"black_money":0}', 'user', '[]', 'unemployed', 0, '[]', '[]', '{"z":258.15087890625,"heading":0.0,"x":136.03517150878907,"y":-749.2879028320313}', 'Pekka', 'Koivisto', '03/10/2001', 'm', 200, '{"mask_2":0,"decals_1":0,"eyebrows_3":0,"pants_1":28,"nose_6":0,"sex":0,"age_1":0,"jaw_1":0,"moles_1":0,"beard_3":0,"bracelets_2":0,"eyebrows_6":0,"bodyb_4":0,"arms_2":0,"nose_3":0,"makeup_2":0,"eyebrows_2":0,"tshirt_2":0,"blush_3":0,"eyebrows_5":0,"hair_color_1":0,"chain_1":22,"ears_1":-1,"arms":1,"watches_1":-1,"complexion_2":0,"bproof_1":0,"beard_1":11,"nose_4":0,"glasses_2":0,"nose_1":0,"skin_md_weight":50,"nose_5":0,"sun_2":0,"face_md_weight":50,"mask_1":0,"mom":29,"helmet_2":0,"eyebrows_1":0,"makeup_3":0,"lipstick_3":0,"cheeks_3":0,"chest_3":0,"bags_2":0,"chin_1":0,"torso_2":2,"cheeks_1":0,"bproof_2":0,"bodyb_3":-1,"lipstick_1":0,"ears_2":0,"glasses_1":0,"torso_1":7,"beard_4":0,"chin_3":0,"chain_2":2,"pants_2":3,"makeup_1":0,"hair_2":0,"complexion_1":0,"dad":0,"eye_squint":0,"blush_2":0,"chest_2":0,"chin_4":0,"lip_thickness":0,"jaw_2":0,"beard_2":10,"blush_1":0,"chest_1":0,"watches_2":0,"tshirt_1":0,"nose_2":0,"blemishes_1":0,"sun_1":0,"hair_color_2":0,"makeup_4":0,"bracelets_1":-1,"chin_13":0,"hair_1":0,"moles_2":0,"neck_thickness":0,"cheeks_2":0,"age_2":0,"blemishes_2":0,"chin_2":0,"eye_color":0,"bags_1":0,"bodyb_2":0,"bodyb_1":-1,"shoes_1":70,"lipstick_2":0,"helmet_1":-1,"lipstick_4":0,"decals_2":0,"eyebrows_4":0,"shoes_2":2}', '[{"name":"hunger","val":996900,"percent":99.69},{"name":"thirst","val":997675,"percent":99.7675}]', 0, 63, 0, NULL, '2023-07-08 21:49:26', '2023-07-08 21:50:03', NULL, NULL),
	('char1:61120d98db56437ab5b54b2700944c920be1d674', '{"money":499999,"bank":200,"black_money":0}', 'user', '[]', 'unemployed', 0, '[]', '[]', '{"z":258.1051025390625,"y":-749.2747192382813,"x":136.04835510253907,"heading":0.0}', 'Afafa', 'Fafafw', '01/01/1999', 'm', 200, '{"age_2":0,"mask_2":0,"tshirt_2":2,"glasses_1":0,"hair_2":0,"chain_2":2,"watches_1":-1,"makeup_4":0,"complexion_1":0,"beard_4":0,"mask_1":0,"eyebrows_6":0,"eyebrows_4":0,"arms":1,"makeup_1":0,"blush_1":0,"torso_2":2,"helmet_2":0,"lip_thickness":-2,"lipstick_4":0,"ears_1":-1,"pants_1":28,"shoes_1":70,"cheeks_3":6,"skin_md_weight":27,"chest_2":0,"age_1":0,"chin_2":0,"blush_3":0,"bproof_1":0,"eyebrows_1":0,"hair_1":76,"beard_1":11,"dad":29,"hair_color_1":61,"chest_3":0,"chin_13":0,"eye_color":0,"ears_2":0,"makeup_2":0,"bproof_2":0,"eyebrows_2":0,"lipstick_3":0,"moles_2":0,"tshirt_1":4,"bags_2":0,"chest_1":0,"face_md_weight":61,"nose_3":5,"eye_squint":0,"decals_2":0,"chin_1":0,"bodyb_2":0,"arms_2":0,"beard_3":0,"complexion_2":0,"bodyb_3":-1,"shoes_2":2,"torso_1":23,"bodyb_1":-1,"lipstick_2":0,"cheeks_1":2,"bodyb_4":0,"eyebrows_3":0,"chain_1":22,"bracelets_1":-1,"nose_4":8,"sex":0,"nose_1":-5,"blemishes_2":0,"bags_1":0,"mom":43,"blemishes_1":0,"watches_2":0,"moles_1":0,"blush_2":0,"makeup_3":0,"bracelets_2":0,"lipstick_1":0,"jaw_2":0,"helmet_1":-1,"pants_2":3,"chin_3":0,"decals_1":0,"beard_2":10,"hair_color_2":29,"nose_2":6,"sun_2":0,"eyebrows_5":0,"glasses_2":0,"nose_6":0,"jaw_1":0,"sun_1":0,"neck_thickness":0,"chin_4":0,"cheeks_2":-10,"nose_5":10}', '[{"name":"hunger","percent":93.91000000000001,"val":939100},{"name":"thirst","percent":95.4325,"val":954325}]', 0, 35, 0, NULL, '2023-06-26 09:46:41', '2023-06-26 09:57:07', NULL, NULL),
	('char1:61b2919e6c6fbe99ebbe199c3b03b068145ef478', '{"money":499998,"bank":200,"black_money":0}', 'user', '[]', 'unemployed', 0, '[]', '[]', '{"z":258.15087890625,"heading":240.94488525390626,"x":131.3011016845703,"y":-745.8724975585938}', 'Tupac', 'Shakur', '02/04/1995', 'm', 184, '{"mask_2":0,"eyebrows_1":0,"eyebrows_3":0,"pants_1":28,"bodyb_3":-1,"chin_1":0,"age_1":0,"jaw_1":0,"moles_1":0,"beard_3":0,"chest_2":0,"eyebrows_6":0,"bodyb_4":0,"arms_2":0,"nose_3":5,"jaw_2":0,"eyebrows_2":0,"tshirt_2":2,"blush_3":0,"eyebrows_5":0,"hair_color_1":61,"chain_1":22,"ears_1":-1,"arms":1,"watches_1":-1,"complexion_2":0,"nose_2":6,"beard_1":11,"nose_4":8,"torso_1":23,"nose_1":-5,"skin_md_weight":50,"makeup_3":0,"sun_2":0,"face_md_weight":50,"mask_1":0,"mom":21,"helmet_2":0,"makeup_1":0,"chest_1":0,"lipstick_3":0,"lipstick_4":0,"chest_3":0,"bags_2":0,"decals_1":0,"bracelets_2":0,"cheeks_1":2,"makeup_2":0,"bproof_2":0,"lipstick_1":0,"ears_2":0,"decals_2":0,"blemishes_1":0,"lipstick_2":0,"chin_3":0,"chin_2":0,"bodyb_1":-1,"sex":0,"hair_2":0,"complexion_1":0,"dad":0,"eye_squint":0,"blush_2":0,"bodyb_2":0,"chain_2":2,"watches_2":0,"moles_2":0,"beard_2":10,"beard_4":0,"bproof_1":0,"torso_2":2,"tshirt_1":4,"nose_6":0,"lip_thickness":-2,"sun_1":0,"hair_color_2":29,"makeup_4":0,"bracelets_1":-1,"chin_13":0,"cheeks_3":6,"hair_1":76,"neck_thickness":0,"cheeks_2":-10,"age_2":0,"glasses_2":0,"blemishes_2":0,"eye_color":0,"bags_1":0,"pants_2":3,"nose_5":10,"shoes_1":70,"glasses_1":0,"helmet_1":-1,"blush_1":0,"chin_4":0,"eyebrows_4":0,"shoes_2":2}', '[{"name":"hunger","val":948200,"percent":94.82000000000001},{"name":"thirst","val":961150,"percent":96.115}]', 0, 70, 0, NULL, '2023-07-13 22:07:10', '2023-07-13 22:16:08', NULL, NULL),
	('char1:64296834c05cc28357959c0ffed49f9f51a449d2', '{"black_money":0,"money":1,"bank":400}', 'user', '[]', 'unemployed', 0, '[]', '[]', '{"heading":340.157470703125,"z":249.4732666015625,"y":-734.940673828125,"x":127.19999694824219}', 'Timi', 'Hynninen', '08/10/2000', 'm', 200, '{"bracelets_1":-1,"shoes_2":0,"decals_1":0,"shoes_1":24,"bproof_1":0,"eye_color":0,"bodyb_3":-1,"chest_2":0,"nose_2":0,"eyebrows_5":0,"eyebrows_6":0,"tshirt_1":72,"makeup_3":0,"bags_1":0,"nose_5":0,"bags_2":0,"chain_1":0,"chin_13":0,"beard_2":10,"beard_3":0,"eye_squint":0,"makeup_1":0,"pants_1":31,"eyebrows_4":0,"glasses_1":2,"sex":0,"mom":25,"chin_4":0,"blush_1":0,"hair_1":37,"age_2":0,"chest_1":0,"bodyb_1":-1,"lip_thickness":0,"mask_2":0,"complexion_1":0,"skin_md_weight":50,"lipstick_3":0,"moles_1":0,"jaw_1":0,"age_1":0,"blemishes_1":0,"chin_2":0,"pants_2":0,"dad":5,"cheeks_1":0,"sun_2":0,"ears_2":0,"nose_3":0,"chain_2":0,"chin_1":0,"lipstick_2":0,"eyebrows_3":0,"hair_2":0,"jaw_2":0,"bodyb_2":0,"glasses_2":0,"hair_color_1":0,"eyebrows_1":0,"helmet_1":-1,"eyebrows_2":0,"chin_3":0,"blush_3":0,"tshirt_2":3,"arms":16,"chest_3":0,"ears_1":-1,"sun_1":0,"beard_4":0,"makeup_2":0,"bproof_2":0,"cheeks_3":0,"nose_4":0,"nose_6":0,"neck_thickness":0,"blemishes_2":0,"helmet_2":0,"blush_2":0,"lipstick_1":0,"bodyb_4":0,"lipstick_4":0,"beard_1":10,"cheeks_2":0,"arms_2":0,"complexion_2":0,"decals_2":0,"torso_1":62,"hair_color_2":0,"watches_2":0,"face_md_weight":50,"mask_1":0,"makeup_4":0,"watches_1":-1,"torso_2":0,"moles_2":0,"nose_1":0,"bracelets_2":0}', '[{"val":483800,"percent":48.38,"name":"hunger"},{"val":487850,"percent":48.785,"name":"thirst"}]', 0, 45, 0, NULL, '2023-06-28 20:23:00', '2023-06-28 20:40:35', NULL, NULL),
	('char1:645d2161aeee306e41544d004ff07a6320191bee', '{"black_money":0,"bank":1200,"money":0}', 'user', '[]', 'unemployed', 0, '[]', '[]', '{"y":-742.3516235351563,"x":130.21978759765626,"heading":147.40158081054688,"z":258.15087890625}', 'Miko', 'Nikkanen', '06/06/1990', 'm', 200, '{"bproof_2":0,"nose_5":0,"sun_2":0,"complexion_2":0,"chin_13":0,"eye_squint":0,"dad":0,"sun_1":0,"lipstick_3":0,"eyebrows_6":0,"nose_2":0,"bags_1":0,"jaw_1":0,"blush_3":0,"nose_3":0,"age_2":0,"arms_2":0,"makeup_4":0,"makeup_3":0,"eyebrows_1":0,"neck_thickness":0,"chain_2":2,"watches_2":0,"lip_thickness":0,"chin_2":0,"bags_2":0,"tshirt_1":4,"skin_md_weight":50,"blemishes_2":0,"bodyb_3":-1,"eyebrows_4":0,"lipstick_4":0,"eyebrows_2":0,"lipstick_2":0,"bracelets_2":0,"blush_1":0,"arms":1,"sex":1,"hair_color_2":29,"hair_2":0,"chest_3":0,"glasses_2":0,"shoes_2":2,"chin_3":0,"glasses_1":0,"moles_1":0,"makeup_2":0,"makeup_1":0,"helmet_2":0,"eyebrows_5":0,"nose_1":0,"blemishes_1":0,"nose_6":0,"lipstick_1":0,"bodyb_2":0,"nose_4":0,"bproof_1":0,"watches_1":-1,"hair_color_1":61,"tshirt_2":2,"eyebrows_3":0,"pants_2":3,"cheeks_3":0,"blush_2":0,"hair_1":15,"ears_1":-1,"moles_2":0,"bodyb_1":-1,"helmet_1":-1,"chin_1":0,"shoes_1":70,"beard_2":10,"face_md_weight":50,"pants_1":28,"torso_2":2,"cheeks_2":0,"cheeks_1":0,"chain_1":22,"beard_1":11,"decals_1":0,"mom":21,"age_1":0,"complexion_1":0,"chest_1":0,"mask_1":0,"decals_2":0,"torso_1":23,"beard_3":0,"ears_2":0,"chest_2":0,"bracelets_1":-1,"jaw_2":0,"beard_4":0,"eye_color":0,"chin_4":0,"bodyb_4":0,"mask_2":0}', '[{"val":499500,"name":"hunger","percent":49.95},{"val":499625,"name":"thirst","percent":49.9625}]', 1, 115, 0, NULL, '2023-08-02 23:59:41', '2023-08-03 00:37:38', NULL, NULL),
	('char1:6c3bb045ee8ea887fb21a0e09418264069db9e81', '{"black_money":0,"money":500000,"bank":200}', 'user', '[]', 'unemployed', 0, '[]', '[]', '{"heading":209.76377868652345,"z":258.15087890625,"y":-746.874755859375,"x":132.6725311279297}', 'Jama', 'Petos', '06/02/1999', 'm', 187, '{"watches_2":0,"glasses_2":0,"decals_1":0,"shoes_1":0,"bproof_1":0,"lipstick_1":0,"bodyb_3":-1,"chest_2":0,"nose_2":0,"eyebrows_5":0,"eyebrows_6":0,"tshirt_1":0,"makeup_3":0,"bags_1":0,"nose_5":0,"bags_2":0,"blush_3":0,"chin_13":0,"chin_3":0,"beard_3":0,"eye_squint":0,"makeup_1":0,"pants_1":0,"lipstick_2":0,"glasses_1":0,"sex":0,"mom":21,"chin_4":0,"blush_1":0,"hair_1":0,"eyebrows_2":0,"chest_1":0,"bodyb_1":-1,"sun_2":0,"mask_2":0,"beard_4":0,"skin_md_weight":100,"lipstick_3":0,"moles_1":0,"blush_2":0,"shoes_2":0,"blemishes_1":0,"chin_2":0,"pants_2":0,"ears_1":-1,"cheeks_1":0,"bodyb_4":0,"ears_2":0,"chest_3":0,"bproof_2":0,"chin_1":0,"eyebrows_4":0,"helmet_2":0,"hair_2":0,"cheeks_3":0,"complexion_1":0,"torso_2":0,"hair_color_1":0,"eyebrows_1":0,"helmet_1":120,"lip_thickness":0,"bracelets_1":-1,"age_1":0,"eyebrows_3":0,"arms":0,"nose_6":0,"blemishes_2":0,"hair_color_2":0,"sun_1":0,"tshirt_2":0,"face_md_weight":50,"arms_2":0,"makeup_4":0,"age_2":0,"neck_thickness":0,"bodyb_2":0,"jaw_2":0,"eye_color":0,"makeup_2":0,"jaw_1":0,"lipstick_4":0,"beard_1":11,"cheeks_2":0,"nose_4":0,"beard_2":10,"decals_2":0,"torso_1":0,"nose_3":0,"dad":0,"chain_2":0,"mask_1":0,"chain_1":0,"watches_1":-1,"complexion_2":0,"moles_2":0,"nose_1":0,"bracelets_2":0}', '[{"percent":96.89999999999999,"val":969000,"name":"hunger"},{"percent":97.675,"val":976750,"name":"thirst"}]', 0, 53, 0, NULL, '2023-06-29 20:30:08', '2023-06-29 20:36:48', NULL, NULL),
	('char1:6ca4d026d7e4514e572e43e6f8e3763ffe1f5b4d', '{"black_money":0,"bank":0,"money":500000}', 'user', '[]', 'unemployed', 0, '[]', '[]', '{"y":-746.3868408203125,"x":132.73846435546876,"heading":2.83464550971984,"z":258.15087890625}', 'Aleksi', 'Assss', '01/01/1990', 'm', 180, '{"bproof_2":0,"nose_5":10,"sun_2":0,"glasses_2":0,"chin_13":0,"face_md_weight":61,"dad":29,"sun_1":0,"shoes_1":70,"eyebrows_6":0,"nose_2":6,"bags_1":0,"jaw_1":0,"blush_3":0,"nose_3":5,"age_2":0,"watches_1":-1,"makeup_4":0,"makeup_3":0,"eyebrows_1":0,"neck_thickness":0,"chain_2":2,"cheeks_3":6,"lip_thickness":-2,"chin_2":0,"bags_2":0,"tshirt_1":4,"skin_md_weight":27,"sex":0,"bodyb_3":-1,"eyebrows_4":0,"pants_2":3,"blemishes_1":0,"cheeks_2":-10,"bracelets_2":0,"blush_1":0,"arms":1,"chin_4":0,"hair_color_2":29,"hair_2":0,"chest_3":0,"makeup_2":0,"mask_1":0,"chin_3":0,"glasses_1":0,"moles_1":0,"bodyb_2":0,"makeup_1":0,"helmet_2":0,"bracelets_1":-1,"nose_1":-5,"complexion_2":0,"nose_6":0,"lipstick_1":0,"shoes_2":2,"nose_4":8,"bproof_1":0,"lipstick_3":0,"hair_color_1":61,"tshirt_2":2,"eyebrows_3":0,"eyebrows_2":0,"eye_squint":0,"beard_1":11,"hair_1":76,"ears_1":-1,"moles_2":0,"bodyb_1":-1,"helmet_1":-1,"chin_1":0,"watches_2":0,"arms_2":0,"decals_2":0,"pants_1":28,"torso_2":2,"eye_color":0,"cheeks_1":2,"chain_1":22,"blush_2":0,"decals_1":0,"mom":43,"lipstick_2":0,"complexion_1":0,"chest_1":0,"eyebrows_5":0,"lipstick_4":0,"blemishes_2":0,"beard_3":0,"ears_2":0,"chest_2":0,"torso_1":23,"jaw_2":0,"beard_4":0,"beard_2":10,"mask_2":0,"bodyb_4":0,"age_1":0}', '[{"val":999000,"name":"hunger","percent":99.9},{"val":999250,"name":"thirst","percent":99.925}]', 0, 107, 0, NULL, '2023-08-01 21:09:29', '2023-08-01 21:09:51', NULL, NULL),
	('char1:6fd1b856323433ca8e974c916c72f19e818b4bb5', '{"black_money":0,"bank":0,"money":500001}', 'user', '[]', 'unemployed', 0, '[]', '[]', '{"y":-746.6373901367188,"x":133.3054962158203,"heading":73.70079040527344,"z":258.15087890625}', 'Asdasd', 'Asdasdas', '12/12/2000', 'm', 213, '{"bproof_2":0,"mask_2":0,"sun_2":0,"complexion_2":0,"chin_13":0,"face_md_weight":61,"dad":29,"sun_1":0,"lipstick_3":0,"eyebrows_6":0,"nose_2":6,"bags_1":0,"jaw_1":0,"blush_3":0,"nose_3":5,"age_2":0,"arms_2":0,"makeup_4":0,"makeup_3":0,"eyebrows_1":0,"neck_thickness":0,"chain_2":2,"cheeks_3":6,"lip_thickness":-2,"decals_2":0,"bags_2":0,"tshirt_1":4,"skin_md_weight":27,"blemishes_2":0,"bodyb_3":-1,"eyebrows_4":0,"eye_squint":0,"age_1":0,"watches_2":0,"bracelets_2":0,"beard_2":10,"arms":1,"chin_2":0,"hair_color_2":29,"hair_2":0,"chest_3":0,"blush_2":0,"mask_1":0,"chin_3":0,"glasses_1":0,"eye_color":0,"sex":0,"makeup_1":0,"helmet_2":0,"bracelets_1":-1,"lipstick_4":0,"moles_2":0,"nose_6":0,"lipstick_1":0,"pants_2":3,"nose_4":8,"bproof_1":0,"eyebrows_3":0,"hair_color_1":61,"tshirt_2":2,"cheeks_2":-10,"eyebrows_2":0,"blush_1":0,"watches_1":-1,"hair_1":76,"ears_1":-1,"moles_1":0,"bodyb_1":-1,"helmet_1":-1,"chin_1":0,"blemishes_1":0,"shoes_2":2,"nose_5":10,"pants_1":28,"torso_2":2,"shoes_1":70,"cheeks_1":2,"chain_1":22,"beard_1":11,"decals_1":0,"mom":43,"glasses_2":0,"complexion_1":0,"chest_1":0,"chin_4":0,"torso_1":23,"eyebrows_5":0,"beard_3":0,"ears_2":0,"chest_2":0,"bodyb_2":0,"jaw_2":0,"beard_4":0,"makeup_2":0,"nose_1":-5,"bodyb_4":0,"lipstick_2":0}', '[{"val":996300,"name":"hunger","percent":99.63},{"val":997225,"name":"thirst","percent":99.7225}]', 0, 83, 0, NULL, '2023-07-22 14:37:36', '2023-07-22 14:38:21', NULL, NULL),
	('char1:71ed6ed77c604ab060e5f981147d3ae4295da872', '{"money":500000,"bank":0,"black_money":0}', 'user', '[]', 'unemployed', 0, '[]', '[]', '{"y":-749.2747192382813,"x":136.04835510253907,"heading":0.0,"z":258.1051025390625}', 'Jarkko', 'Neitsyt', '21/02/2000', 'm', 120, '{"bproof_2":0,"nose_5":0,"sun_2":0,"glasses_2":0,"chin_13":0,"eye_squint":0,"dad":2,"sun_1":0,"lipstick_3":0,"eyebrows_6":0,"nose_2":0,"bags_1":0,"jaw_1":0,"blush_3":0,"nose_3":0,"makeup_2":0,"arms_2":0,"makeup_4":0,"makeup_3":0,"eyebrows_1":0,"neck_thickness":0,"chain_2":2,"cheeks_3":0,"lip_thickness":0,"chin_2":0,"bags_2":0,"tshirt_1":21,"skin_md_weight":50,"sex":0,"bodyb_3":-1,"eyebrows_4":0,"decals_1":0,"cheeks_2":0,"eyebrows_2":0,"bracelets_2":0,"age_1":0,"arms":0,"blush_1":0,"hair_color_2":0,"hair_2":0,"chest_3":0,"lipstick_4":0,"shoes_2":0,"chin_3":0,"glasses_1":0,"moles_1":0,"watches_1":-1,"makeup_1":0,"helmet_2":0,"eyebrows_5":0,"nose_1":0,"shoes_1":0,"nose_6":0,"lipstick_1":0,"blemishes_1":0,"nose_4":0,"bproof_1":0,"bodyb_2":0,"hair_color_1":0,"tshirt_2":0,"eyebrows_3":0,"pants_2":0,"complexion_2":0,"watches_2":0,"hair_1":12,"ears_1":-1,"face_md_weight":50,"bodyb_1":-1,"helmet_1":-1,"chin_1":0,"bracelets_1":-1,"blemishes_2":0,"mask_1":15,"pants_1":0,"torso_2":0,"age_2":0,"cheeks_1":0,"chain_1":22,"blush_2":0,"torso_1":49,"mom":24,"beard_1":11,"complexion_1":0,"chest_1":0,"beard_2":10,"lipstick_2":0,"decals_2":0,"beard_3":0,"ears_2":0,"chest_2":0,"moles_2":0,"jaw_2":0,"beard_4":0,"mask_2":0,"eye_color":0,"bodyb_4":0,"chin_4":0}', '[{"val":976700,"name":"hunger","percent":97.67},{"val":982525,"name":"thirst","percent":98.2525}]', 0, 95, 0, NULL, '2023-07-26 22:44:11', '2023-07-26 22:48:23', NULL, NULL),
	('char1:72c6d67da37654326ae16b09f6042d9613e98d04', '{"black_money":0,"bank":0,"money":500000}', 'user', '[]', 'unemployed', 0, '[]', '[]', '{"y":-748.8263549804688,"x":136.3252716064453,"heading":246.61416625976563,"z":258.15087890625}', 'Luka', 'Makinen', '12/02/2003', 'm', 172, '{"bproof_2":0,"mask_2":0,"sun_2":0,"glasses_2":0,"chin_13":0,"eye_squint":0,"dad":0,"sun_1":0,"lipstick_3":0,"eyebrows_6":0,"nose_2":6,"bags_1":0,"jaw_1":0,"blush_3":0,"nose_3":5,"makeup_2":0,"watches_1":-1,"makeup_4":0,"makeup_3":0,"eyebrows_1":0,"neck_thickness":0,"chain_2":2,"watches_2":0,"lip_thickness":-2,"decals_2":0,"bags_2":0,"tshirt_1":4,"skin_md_weight":33,"sex":0,"bodyb_3":-1,"eyebrows_4":0,"moles_2":0,"age_1":0,"cheeks_3":6,"bracelets_2":0,"blush_1":0,"arms":1,"nose_1":0,"hair_color_2":29,"hair_2":0,"chest_3":0,"moles_1":0,"lipstick_2":0,"chin_3":0,"glasses_1":0,"eye_color":0,"bodyb_2":0,"makeup_1":0,"helmet_2":0,"bracelets_1":-1,"lipstick_4":0,"beard_2":10,"nose_6":0,"lipstick_1":0,"chin_2":0,"nose_4":8,"bproof_1":0,"blemishes_2":0,"hair_color_1":61,"tshirt_2":2,"eyebrows_3":0,"eyebrows_2":0,"beard_1":11,"eyebrows_5":0,"hair_1":76,"ears_1":-1,"shoes_1":70,"bodyb_1":-1,"helmet_1":-1,"chin_1":0,"pants_2":3,"cheeks_2":-10,"chin_4":0,"pants_1":28,"torso_2":2,"face_md_weight":50,"cheeks_1":2,"chain_1":22,"blush_2":0,"decals_1":0,"mom":21,"shoes_2":2,"complexion_1":0,"chest_1":0,"age_2":0,"torso_1":23,"arms_2":0,"beard_3":0,"ears_2":0,"chest_2":0,"nose_5":10,"jaw_2":0,"beard_4":0,"blemishes_1":0,"mask_1":0,"bodyb_4":0,"complexion_2":0}', '[{"val":997300,"percent":99.72999999999999,"name":"hunger"},{"val":997975,"percent":99.7975,"name":"thirst"}]', 0, 97, 0, NULL, '2023-07-28 04:41:03', '2023-07-28 04:41:31', NULL, NULL),
	('char1:7662a45189a8912f33e300c30aa3ec7967337242', '{"money":0,"bank":1600,"black_money":0}', 'user', '[]', 'unemployed', 0, '[]', '[]', '{"z":258.15087890625,"heading":45.35432815551758,"x":147.1780242919922,"y":-743.93408203125}', 'Homo', 'Neitsyt', '02/02/2000', 'm', 200, '{"mask_2":0,"decals_1":0,"eyebrows_3":0,"pants_1":28,"nose_6":0,"chin_1":0,"chest_1":0,"jaw_1":0,"moles_1":0,"beard_3":0,"chest_2":0,"eyebrows_6":0,"bodyb_4":0,"arms_2":0,"nose_3":5,"jaw_2":0,"lipstick_2":0,"tshirt_2":2,"blush_3":0,"eyebrows_5":0,"hair_color_1":61,"chain_1":22,"ears_1":-1,"watches_2":0,"watches_1":-1,"complexion_2":0,"nose_2":6,"torso_2":2,"nose_4":8,"torso_1":23,"nose_1":-5,"skin_md_weight":27,"nose_5":10,"sun_2":0,"face_md_weight":61,"mask_1":0,"mom":43,"blemishes_1":0,"age_1":0,"makeup_3":0,"lipstick_3":0,"glasses_2":0,"chest_3":0,"bags_2":0,"beard_1":11,"bodyb_1":-1,"cheeks_1":2,"helmet_2":0,"bproof_1":0,"lipstick_1":0,"ears_2":0,"chin_4":0,"neck_thickness":0,"dad":29,"chin_3":0,"moles_2":0,"makeup_1":0,"glasses_1":0,"hair_2":0,"complexion_1":0,"lip_thickness":-2,"eye_squint":0,"blush_2":0,"eyebrows_2":0,"pants_2":3,"blush_1":0,"bproof_2":0,"beard_2":10,"lipstick_4":0,"sex":0,"eyebrows_1":0,"tshirt_1":4,"beard_4":0,"bodyb_3":-1,"sun_1":0,"hair_color_2":29,"makeup_4":0,"bracelets_1":-1,"chin_13":0,"chain_2":2,"hair_1":76,"cheeks_3":6,"cheeks_2":-10,"age_2":0,"chin_2":0,"blemishes_2":0,"eye_color":0,"bags_1":0,"bodyb_2":0,"arms":1,"shoes_1":70,"makeup_2":0,"helmet_1":-1,"bracelets_2":0,"decals_2":0,"eyebrows_4":0,"shoes_2":2}', '[{"val":494400,"name":"hunger","percent":49.44},{"val":495800,"name":"thirst","percent":49.58}]', 1, 66, 0, NULL, '2023-07-11 02:17:18', '2023-07-11 03:08:02', NULL, NULL),
	('char1:76ab773825a6d5b95a9c52dd082e9bf8eb43a4f3', '{"black_money":0,"bank":0,"money":500000}', 'user', '[]', 'unemployed', 0, '[]', '[]', '{"z":258.15087890625,"heading":51.02362442016601,"x":131.26153564453126,"y":-745.9912109375}', 'Samppi', 'Manninen', '11/02/2000', 'm', 185, '{"lipstick_4":0,"glasses_2":0,"bodyb_2":0,"shoes_2":2,"makeup_4":0,"lipstick_3":0,"decals_2":0,"pants_2":3,"blush_3":0,"blemishes_2":0,"nose_4":8,"torso_1":23,"jaw_1":0,"jaw_2":0,"blush_2":0,"skin_md_weight":27,"hair_1":76,"nose_3":5,"moles_1":0,"eyebrows_1":0,"beard_1":11,"mom":21,"blemishes_1":0,"cheeks_3":6,"moles_2":0,"watches_1":-1,"bproof_1":0,"chest_1":0,"makeup_3":0,"eyebrows_3":0,"eyebrows_6":0,"chain_1":22,"chain_2":2,"eye_squint":0,"chest_3":0,"cheeks_1":2,"helmet_2":0,"tshirt_1":4,"eyebrows_5":0,"bags_2":0,"makeup_1":0,"hair_color_1":61,"lipstick_2":0,"complexion_1":0,"hair_color_2":29,"neck_thickness":0,"bodyb_3":-1,"face_md_weight":61,"blush_1":0,"tshirt_2":2,"lipstick_1":0,"sun_2":0,"age_2":0,"age_1":0,"chin_4":0,"beard_4":0,"sex":0,"bodyb_4":0,"beard_2":10,"nose_2":6,"pants_1":28,"nose_6":0,"nose_1":-5,"bproof_2":0,"eyebrows_2":0,"bags_1":0,"glasses_1":0,"mask_2":0,"beard_3":0,"eye_color":0,"bodyb_1":-1,"arms":1,"chest_2":0,"helmet_1":-1,"nose_5":10,"torso_2":2,"hair_2":0,"chin_3":0,"ears_2":0,"makeup_2":0,"chin_1":0,"bracelets_1":-1,"bracelets_2":0,"lip_thickness":-2,"watches_2":0,"ears_1":-1,"cheeks_2":-10,"chin_2":0,"mask_1":0,"shoes_1":70,"eyebrows_4":0,"chin_13":0,"arms_2":0,"sun_1":0,"dad":29,"decals_1":0,"complexion_2":0}', '[{"percent":97.99,"name":"hunger","val":979900},{"percent":98.4925,"name":"thirst","val":984925}]', 0, 75, 0, NULL, '2023-07-15 22:16:00', '2023-07-15 22:19:34', NULL, NULL),
	('char1:770172702d31a6f2b3519f1ed44281a13fd1fef9', '{"black_money":0,"money":0,"bank":400}', 'user', '[]', 'unemployed', 0, '[]', '[]', '{"heading":45.35432815551758,"z":258.15087890625,"y":-748.6153564453125,"x":137.27471923828126}', 'Asdsadsa', 'Asdadsadsa', '12/12/1999', 'm', 180, '{"bracelets_1":-1,"glasses_2":0,"decals_1":0,"shoes_1":70,"bproof_1":0,"lipstick_1":0,"blemishes_2":0,"chest_2":0,"nose_2":6,"hair_color_2":29,"eyebrows_6":0,"tshirt_1":4,"makeup_3":0,"bags_1":0,"nose_5":10,"makeup_2":0,"blush_3":0,"ears_1":-1,"beard_2":10,"age_1":0,"eye_squint":0,"makeup_1":0,"pants_1":28,"eyebrows_4":0,"glasses_1":0,"sex":0,"sun_1":0,"chin_4":0,"blush_1":0,"hair_1":76,"age_2":0,"chest_1":0,"face_md_weight":61,"sun_2":0,"mask_2":0,"complexion_1":0,"skin_md_weight":27,"jaw_1":0,"bodyb_2":0,"lipstick_2":0,"bodyb_3":-1,"blemishes_1":0,"chin_2":0,"pants_2":3,"eyebrows_2":0,"jaw_2":0,"tshirt_2":2,"ears_2":0,"nose_3":5,"chain_2":2,"makeup_4":0,"chin_1":0,"chin_3":0,"hair_2":0,"blush_2":0,"shoes_2":2,"mom":43,"helmet_2":0,"torso_2":2,"helmet_1":-1,"eyebrows_3":0,"bags_2":0,"nose_6":0,"cheeks_1":2,"arms":1,"beard_4":0,"moles_1":0,"chain_1":22,"dad":29,"lipstick_3":0,"beard_3":0,"bodyb_4":0,"arms_2":0,"eyebrows_5":0,"neck_thickness":0,"chest_3":0,"nose_4":8,"chin_13":0,"lip_thickness":-2,"bproof_2":0,"lipstick_4":0,"beard_1":11,"cheeks_2":-10,"complexion_2":0,"cheeks_3":6,"decals_2":0,"torso_1":23,"watches_2":0,"eyebrows_1":0,"eye_color":0,"mask_1":0,"hair_color_1":61,"watches_1":-1,"bodyb_1":-1,"moles_2":0,"nose_1":-5,"bracelets_2":0}', '[{"percent":49.95,"val":499500,"name":"hunger"},{"percent":49.9625,"val":499625,"name":"thirst"}]', 0, 50, 0, NULL, '2023-06-29 20:27:01', '2023-06-29 20:41:35', NULL, NULL),
	('char1:85b369a19269b3edce73b456f2e5a70668394ea9', '{"black_money":0,"bank":200,"money":0}', 'user', '[]', 'unemployed', 0, '[]', '[]', '{"y":-756.5933837890625,"x":131.6703338623047,"heading":90.70865631103516,"z":258.15087890625}', 'Joona', 'Rantanen', '07/05/2000', 'm', 186, '{"bproof_2":0,"nose_5":0,"sun_2":0,"glasses_2":0,"chin_13":0,"bodyb_2":0,"dad":0,"sun_1":0,"lipstick_3":0,"eyebrows_6":0,"nose_2":0,"bags_1":0,"jaw_1":0,"blush_3":0,"nose_3":0,"age_2":0,"watches_1":-1,"makeup_4":0,"makeup_3":0,"eyebrows_1":0,"neck_thickness":0,"chain_2":2,"watches_2":0,"lip_thickness":0,"chin_2":0,"bags_2":0,"tshirt_1":4,"skin_md_weight":34,"sex":0,"bodyb_3":-1,"eyebrows_4":0,"decals_2":0,"blemishes_2":0,"complexion_2":0,"bracelets_2":0,"age_1":0,"arms":1,"mask_2":0,"hair_color_2":29,"hair_2":0,"chest_3":0,"cheeks_2":0,"lipstick_2":0,"chin_3":0,"glasses_1":0,"eye_color":0,"arms_2":0,"makeup_1":0,"helmet_2":0,"eyebrows_5":0,"lipstick_4":0,"bracelets_1":-1,"nose_6":0,"lipstick_1":0,"cheeks_3":0,"nose_4":0,"bproof_1":0,"beard_1":11,"hair_color_1":61,"tshirt_2":2,"eyebrows_3":0,"pants_2":3,"makeup_2":0,"decals_1":0,"hair_1":76,"ears_1":-1,"blush_1":0,"bodyb_1":-1,"helmet_1":-1,"chin_1":0,"face_md_weight":0,"blemishes_1":0,"torso_2":2,"pants_1":28,"moles_2":0,"shoes_1":70,"cheeks_1":0,"chain_1":22,"blush_2":0,"torso_1":23,"mom":24,"eyebrows_2":0,"complexion_1":0,"chest_1":0,"moles_1":0,"mask_1":0,"chin_4":0,"beard_3":0,"ears_2":0,"chest_2":0,"shoes_2":2,"jaw_2":0,"beard_4":0,"beard_2":10,"eye_squint":0,"bodyb_4":0,"nose_1":0}', '[{"val":481000,"name":"hunger","percent":48.1},{"val":485750,"name":"thirst","percent":48.575}]', 0, 103, 0, NULL, '2023-07-31 14:47:26', '2023-08-01 22:32:22', NULL, NULL),
	('char1:8662d148e17b7798299e2599bcbbf93df1ffc0df', '{"black_money":0,"bank":0,"money":500000}', 'user', '[]', 'unemployed', 0, '[]', '[]', '{"y":-746.5054931640625,"x":132.5142822265625,"heading":291.968505859375,"z":258.134033203125}', 'Risto', 'Koipio', '05/12/2000', 'm', 159, NULL, '[]', 0, 79, 0, NULL, '2023-07-20 17:57:20', '2023-07-20 17:57:37', NULL, NULL),
	('char1:910de34dd4c41a07eec0e1d8fb6302a1769e81fd', '{"bank":400,"money":0,"black_money":0}', 'user', '[]', 'unemployed', 0, '[]', '[]', '{"x":133.63516235351563,"heading":342.99212646484377,"z":258.15087890625,"y":-746.6109619140625}', 'Nigger', 'Balls', '11/01/2000', 'f', 155, '{"bproof_2":0,"blush_3":0,"chin_13":-10,"beard_3":0,"lipstick_1":0,"age_2":0,"glasses_1":33,"eyebrows_1":32,"chin_4":0,"cheeks_2":0,"bodyb_2":0,"chest_2":0,"arms_2":0,"watches_1":-1,"age_1":0,"makeup_4":0,"lipstick_3":0,"helmet_1":-1,"eyebrows_2":7,"eye_color":8,"bags_1":0,"beard_1":0,"bracelets_1":-1,"chin_2":10,"nose_3":3,"ears_2":0,"moles_2":8,"blemishes_1":0,"hair_2":0,"makeup_2":0,"bproof_1":0,"nose_1":3,"shoes_1":20,"eyebrows_3":52,"decals_2":0,"glasses_2":12,"makeup_1":0,"nose_5":2,"dad":4,"tshirt_2":5,"lip_thickness":0,"mask_2":0,"face_md_weight":51,"complexion_1":0,"bodyb_4":0,"makeup_3":0,"chest_1":0,"chin_3":0,"decals_1":0,"beard_2":0,"chin_1":-10,"watches_2":0,"beard_4":0,"ears_1":-1,"nose_6":1,"moles_1":12,"eyebrows_4":9,"bags_2":0,"nose_4":0,"lipstick_2":0,"bracelets_2":0,"skin_md_weight":55,"hair_color_1":29,"blemishes_2":0,"chain_2":0,"blush_2":0,"sun_1":0,"bodyb_1":-1,"pants_1":12,"hair_color_2":35,"blush_1":0,"complexion_2":0,"shoes_2":10,"neck_thickness":-5,"eyebrows_6":-8,"sun_2":0,"jaw_2":0,"tshirt_1":111,"mask_1":0,"eyebrows_5":-5,"nose_2":0,"arms":3,"bodyb_3":-1,"sex":1,"torso_1":25,"torso_2":2,"cheeks_1":0,"mom":26,"eye_squint":-6,"hair_1":43,"jaw_1":0,"cheeks_3":0,"chain_1":85,"pants_2":2,"chest_3":0,"lipstick_4":0,"helmet_2":0}', '[{"val":471700,"name":"hunger","percent":47.17},{"val":478775,"name":"thirst","percent":47.8775}]', 0, 27, 0, NULL, '2023-06-19 21:14:18', '2023-06-28 19:28:06', NULL, NULL),
	('char1:94245704ed76bc5c912187b6026d2083d5645bab', '{"black_money":0,"money":500000,"bank":200}', 'user', '[]', 'unemployed', 0, '[]', '[]', '{"heading":277.7952880859375,"x":135.3098907470703,"y":-748.5098876953125,"z":258.15087890625}', 'Vaahtomi', 'Ies', '03/12/2000', 'm', 170, '{"bproof_2":0,"blush_3":0,"chin_13":0,"beard_3":0,"tshirt_1":15,"blush_1":0,"glasses_1":1,"ears_1":-1,"chin_4":10,"cheeks_2":0,"bodyb_2":0,"chest_2":0,"bodyb_3":-1,"watches_1":0,"age_1":0,"beard_4":0,"lipstick_3":0,"helmet_1":1,"eyebrows_2":0,"tshirt_2":0,"bags_1":1,"beard_1":7,"bracelets_1":-1,"chin_2":0,"nose_3":0,"ears_2":0,"moles_2":0,"blemishes_1":0,"cheeks_1":0,"makeup_2":0,"bproof_1":0,"nose_6":0,"shoes_1":55,"pants_1":29,"decals_2":0,"glasses_2":0,"makeup_1":0,"nose_5":-1,"dad":29,"bodyb_1":-1,"lip_thickness":-1,"mask_2":0,"hair_2":0,"complexion_1":0,"bodyb_4":0,"makeup_3":0,"chest_1":0,"chest_3":0,"decals_1":0,"moles_1":0,"pants_2":0,"makeup_4":0,"chin_1":0,"watches_2":0,"neck_thickness":0,"lipstick_1":0,"eyebrows_4":0,"bags_2":0,"nose_4":0,"lipstick_2":0,"eyebrows_5":0,"skin_md_weight":50,"hair_color_1":33,"cheeks_3":0,"age_2":0,"eye_color":0,"sun_1":0,"eye_squint":0,"mask_1":0,"hair_color_2":0,"chain_2":0,"complexion_2":0,"shoes_2":0,"face_md_weight":27,"eyebrows_6":0,"sun_2":0,"jaw_2":0,"blush_2":0,"blemishes_2":0,"beard_2":10,"sex":0,"torso_2":0,"nose_1":0,"torso_1":45,"arms_2":0,"hair_1":7,"nose_2":0,"mom":39,"eyebrows_3":0,"arms":15,"jaw_1":0,"bracelets_2":0,"chain_1":0,"chin_3":10,"helmet_2":0,"lipstick_4":0,"eyebrows_1":0}', '[{"val":976400,"name":"hunger","percent":97.64},{"val":982300,"name":"thirst","percent":98.22999999999999}]', 0, 29, 0, NULL, '2023-06-20 14:11:11', '2023-06-20 14:15:34', NULL, NULL),
	('char1:9441698fdd714f970e9250abf9a70c289f2fe5e6', '{"black_money":0,"money":0,"bank":200}', 'user', '[]', 'unemployed', 0, '[]', '[]', '{"heading":102.04724884033203,"z":258.15087890625,"y":-749.3010864257813,"x":136.02197265625}', 'Pasi', 'Viheraho', '24/12/2000', 'm', 120, '{"bracelets_1":-1,"shoes_2":1,"decals_1":0,"shoes_1":0,"nose_4":1,"eye_color":0,"bodyb_3":-1,"chest_2":0,"nose_2":1,"hair_color_2":0,"eyebrows_6":0,"tshirt_1":0,"makeup_3":0,"bags_1":0,"nose_5":1,"makeup_2":0,"chain_1":22,"ears_1":-1,"beard_2":10,"age_1":0,"eye_squint":0,"makeup_1":0,"pants_1":0,"eyebrows_4":0,"glasses_1":0,"sex":1,"mom":24,"chin_4":1,"blush_1":0,"hair_1":3,"eyebrows_2":0,"chest_1":0,"face_md_weight":51,"sun_2":0,"mask_2":0,"beard_4":0,"skin_md_weight":50,"lipstick_3":0,"moles_1":0,"tshirt_2":0,"eyebrows_3":0,"blemishes_1":0,"chin_2":2,"pants_2":0,"lipstick_2":0,"cheeks_1":1,"eyebrows_1":0,"ears_2":0,"chest_3":0,"chain_2":2,"makeup_4":0,"jaw_1":1,"age_2":0,"hair_2":1,"sun_1":0,"nose_3":1,"nose_6":1,"hair_color_1":0,"torso_2":0,"helmet_1":-1,"helmet_2":0,"complexion_2":0,"chin_3":1,"cheeks_3":1,"arms":0,"bproof_1":0,"lipstick_1":0,"beard_3":0,"chin_1":1,"bags_2":0,"chin_13":0,"arms_2":3,"blemishes_2":0,"glasses_2":0,"neck_thickness":1,"bodyb_2":0,"bproof_2":0,"lip_thickness":1,"eyebrows_5":0,"dad":0,"lipstick_4":0,"beard_1":11,"cheeks_2":1,"jaw_2":1,"blush_2":0,"decals_2":0,"torso_1":1,"bodyb_1":-1,"complexion_1":0,"blush_3":0,"mask_1":0,"bodyb_4":0,"watches_1":-1,"watches_2":0,"moles_2":0,"nose_1":0,"bracelets_2":0}', '[{"percent":49.94,"val":499400,"name":"hunger"},{"percent":49.955,"val":499550,"name":"thirst"}]', 0, 55, 0, NULL, '2023-06-29 20:43:12', '2023-06-29 20:45:48', NULL, NULL),
	('char1:97b969263ae5b0229b3060e7c4f4822d1bcbb39a', '{"black_money":0,"bank":0,"money":0}', 'user', '[]', 'unemployed', 0, '[]', '[]', '{"y":-746.7560424804688,"x":130.4703369140625,"heading":240.94488525390626,"z":258.15087890625}', 'Nig', 'Gdgdg', '12/12/2000', 'm', 190, '{"bproof_2":0,"mask_2":0,"sun_2":0,"glasses_2":0,"chin_13":0,"eye_squint":0,"dad":29,"sun_1":0,"shoes_1":70,"eyebrows_6":0,"nose_2":6,"bags_1":0,"jaw_1":0,"blush_3":0,"nose_3":5,"blemishes_1":0,"arms_2":0,"makeup_4":0,"makeup_3":0,"eyebrows_1":0,"neck_thickness":0,"chain_2":2,"watches_2":0,"lip_thickness":-2,"chin_2":0,"bags_2":0,"tshirt_1":4,"skin_md_weight":27,"sex":0,"bodyb_3":-1,"eyebrows_4":0,"nose_5":10,"makeup_2":0,"age_2":0,"bracelets_2":0,"beard_2":10,"arms":1,"shoes_2":2,"hair_color_2":29,"hair_2":0,"chest_3":0,"lipstick_3":0,"lipstick_2":0,"chin_3":0,"glasses_1":0,"eye_color":0,"eyebrows_5":0,"makeup_1":0,"helmet_2":0,"bracelets_1":-1,"lipstick_4":0,"pants_2":3,"nose_6":0,"lipstick_1":0,"torso_1":23,"nose_4":8,"bproof_1":0,"blush_1":0,"hair_color_1":61,"tshirt_2":2,"cheeks_2":-10,"eyebrows_2":0,"beard_1":11,"watches_1":-1,"hair_1":76,"ears_1":-1,"eyebrows_3":0,"bodyb_1":-1,"helmet_1":-1,"chin_1":0,"cheeks_3":6,"decals_2":0,"nose_1":-5,"pants_1":28,"torso_2":2,"age_1":0,"cheeks_1":2,"chain_1":22,"blush_2":0,"decals_1":0,"mom":43,"chin_4":0,"complexion_1":0,"chest_1":0,"moles_2":0,"bodyb_2":0,"blemishes_2":0,"beard_3":0,"ears_2":0,"chest_2":0,"mask_1":0,"jaw_2":0,"beard_4":0,"face_md_weight":61,"moles_1":0,"bodyb_4":0,"complexion_2":0}', '[{"val":499400,"percent":49.94,"name":"hunger"},{"val":499550,"percent":49.955,"name":"thirst"}]', 1, 110, 0, NULL, '2023-08-02 01:39:54', '2023-08-02 01:42:54', NULL, NULL),
	('char1:9f5e4fa592932d64f411d2db5ccaa1b4ec782018', '{"black_money":0,"money":500000,"bank":400}', 'user', '[]', 'unemployed', 0, '[]', '[]', '{"heading":82.20472717285156,"x":134.6769256591797,"y":-750.896728515625,"z":258.15087890625}', 'Marko', 'Boy', '04/12/2000', 'm', 199, '{"bproof_2":0,"blush_3":0,"chin_13":0,"beard_3":0,"tshirt_1":15,"blush_1":0,"glasses_1":1,"ears_1":-1,"chin_4":0,"cheeks_2":0,"bodyb_2":0,"nose_2":0,"chain_1":0,"face_md_weight":50,"age_1":0,"beard_4":0,"lipstick_3":0,"helmet_1":113,"eyebrows_2":0,"eye_color":0,"bags_1":0,"beard_1":0,"bracelets_1":-1,"chin_2":0,"nose_3":0,"ears_2":0,"moles_2":0,"blemishes_1":0,"hair_2":0,"makeup_2":0,"bproof_1":0,"nose_1":0,"shoes_1":6,"makeup_4":0,"decals_2":0,"glasses_2":0,"makeup_1":0,"nose_5":0,"dad":0,"hair_1":14,"lip_thickness":0,"mask_2":24,"blemishes_2":0,"complexion_1":0,"bodyb_4":0,"makeup_3":0,"chest_1":0,"chest_3":0,"decals_1":0,"moles_1":0,"chin_1":0,"torso_1":234,"pants_2":22,"chin_3":0,"eyebrows_5":0,"eyebrows_1":0,"eyebrows_4":0,"bags_2":0,"nose_4":0,"lipstick_2":0,"bracelets_2":0,"skin_md_weight":50,"hair_color_1":0,"beard_2":0,"lipstick_1":0,"age_2":0,"sun_1":0,"watches_1":-1,"sun_2":0,"hair_color_2":0,"eyebrows_3":0,"complexion_2":0,"shoes_2":0,"mask_1":116,"eyebrows_6":0,"cheeks_3":0,"jaw_2":0,"tshirt_2":0,"bodyb_1":-1,"pants_1":87,"arms_2":0,"helmet_2":18,"torso_2":4,"sex":0,"nose_6":0,"chest_2":0,"neck_thickness":0,"mom":23,"eye_squint":0,"arms":30,"jaw_1":0,"blush_2":0,"watches_2":0,"cheeks_1":0,"bodyb_3":-1,"lipstick_4":0,"chain_2":0}', '[{"val":936100,"name":"hunger","percent":93.61},{"val":952075,"name":"thirst","percent":95.2075}]', 0, 20, 0, NULL, '2023-06-19 16:51:45', '2023-06-19 17:02:30', NULL, NULL),
	('char1:a5f00acdaad04bac33671717f4bf84566dd03f51', '{"black_money":0,"bank":1200,"money":0}', 'user', '[]', 'unemployed', 0, '[]', '[]', '{"y":-743.3142700195313,"x":135.2835235595703,"heading":187.08660888671876,"z":250.147216796875}', 'Neekeri', 'Neekeri', '22/03/2000', 'm', 200, '{"bproof_2":0,"nose_5":10,"sun_2":0,"glasses_2":0,"chin_13":0,"bodyb_2":0,"dad":29,"sun_1":0,"lipstick_3":0,"eyebrows_6":0,"nose_2":6,"bags_1":0,"jaw_1":0,"blush_3":0,"nose_3":5,"blemishes_1":0,"watches_1":-1,"makeup_4":0,"makeup_3":0,"eyebrows_1":0,"neck_thickness":0,"chain_2":2,"cheeks_3":6,"lip_thickness":-2,"chin_2":0,"bags_2":0,"tshirt_1":4,"skin_md_weight":27,"blemishes_2":0,"bodyb_3":-1,"eyebrows_4":0,"lipstick_2":0,"cheeks_2":-10,"bracelets_1":-1,"bracelets_2":0,"beard_2":10,"arms":1,"arms_2":0,"chin_4":0,"hair_2":0,"chest_3":0,"nose_1":-5,"mask_1":0,"chin_3":0,"glasses_1":0,"moles_1":0,"blush_1":0,"makeup_1":0,"helmet_2":0,"eyebrows_5":0,"lipstick_4":0,"makeup_2":0,"nose_6":0,"lipstick_1":0,"hair_color_2":29,"nose_4":8,"bproof_1":0,"torso_2":2,"hair_color_1":61,"tshirt_2":2,"eyebrows_3":0,"eyebrows_2":0,"eye_color":0,"beard_1":11,"hair_1":76,"ears_1":-1,"mask_2":0,"bodyb_1":-1,"helmet_1":-1,"chin_1":0,"complexion_2":0,"eye_squint":0,"decals_2":0,"pants_1":28,"moles_2":0,"age_1":0,"cheeks_1":2,"chain_1":22,"blush_2":0,"torso_1":23,"mom":43,"pants_2":3,"complexion_1":0,"chest_1":0,"sex":0,"decals_1":0,"face_md_weight":61,"beard_3":0,"ears_2":0,"chest_2":0,"age_2":0,"jaw_2":0,"beard_4":0,"watches_2":0,"shoes_2":2,"bodyb_4":0,"shoes_1":70}', '[{"val":488500,"name":"hunger","percent":48.85},{"val":491375,"name":"thirst","percent":49.1375}]', 0, 113, 0, NULL, '2023-08-02 23:58:44', '2023-08-03 00:42:05', NULL, NULL),
	('char1:aad0f57f52d9d6951e649fee98fffaf0b223cef6', '{"bank":0,"black_money":0,"money":499999}', 'user', '[]', 'unemployed', 0, '[]', '[]', '{"x":136.04835510253907,"y":-749.2747192382813,"z":258.1051025390625,"heading":0.0}', 'Frans', 'Leis', '01/01/2003', 'm', 183, '{"mask_2":0,"decals_1":0,"eyebrows_3":0,"pants_1":28,"bodyb_3":-1,"sex":0,"age_1":0,"chain_2":2,"moles_1":0,"beard_3":0,"chest_2":0,"eyebrows_6":0,"bodyb_4":0,"arms_2":0,"nose_3":5,"jaw_2":0,"lipstick_2":0,"tshirt_2":2,"blush_3":0,"eyebrows_5":0,"hair_color_1":61,"chain_1":22,"ears_1":-1,"arms":1,"watches_1":-1,"complexion_2":0,"bproof_1":0,"beard_1":11,"nose_4":8,"glasses_2":0,"bodyb_1":-1,"skin_md_weight":27,"makeup_3":0,"sun_2":0,"face_md_weight":61,"mask_1":0,"mom":43,"helmet_2":0,"nose_5":10,"neck_thickness":0,"lipstick_3":0,"eyebrows_1":0,"chest_3":0,"bags_2":0,"beard_4":0,"decals_2":0,"cheeks_1":2,"chin_1":0,"watches_2":0,"lipstick_1":0,"ears_2":0,"glasses_1":0,"pants_2":3,"nose_1":-5,"chin_3":0,"nose_2":6,"bracelets_2":0,"bproof_2":0,"hair_2":0,"complexion_1":0,"dad":29,"eye_squint":0,"blush_2":0,"blush_1":0,"makeup_2":0,"hair_1":76,"torso_1":23,"beard_2":10,"chin_2":0,"blemishes_1":0,"eyebrows_2":0,"tshirt_1":4,"torso_2":2,"lip_thickness":-2,"sun_1":0,"hair_color_2":29,"makeup_4":0,"bracelets_1":-1,"chin_13":0,"makeup_1":0,"moles_2":0,"cheeks_3":6,"cheeks_2":-10,"age_2":0,"nose_6":0,"blemishes_2":0,"eye_color":0,"bags_1":0,"bodyb_2":0,"lipstick_4":0,"shoes_1":70,"chest_1":0,"helmet_1":-1,"jaw_1":0,"chin_4":0,"eyebrows_4":0,"shoes_2":2}', '[{"name":"hunger","val":987300,"percent":98.72999999999999},{"name":"thirst","val":990475,"percent":99.0475}]', 0, 68, 0, NULL, '2023-07-12 13:22:04', '2023-07-12 13:24:33', NULL, NULL),
	('char1:ab78a3abe48d946285cfd056f853fec26ade0d80', '{"black_money":0,"money":0,"bank":1200}', 'user', '[]', 'unemployed', 0, '[]', '[]', '{"heading":306.1417236328125,"x":132.0263671875,"y":-746.1626586914063,"z":258.15087890625}', 'Tino', 'Jarvinen', '21/12/1990', 'm', 193, '{"bproof_2":0,"blush_3":0,"chin_13":0,"beard_3":9,"tshirt_1":0,"blush_1":0,"glasses_1":1,"ears_1":-1,"chin_4":0,"cheeks_2":0,"bodyb_2":0,"chest_2":0,"chain_1":0,"face_md_weight":50,"age_1":0,"beard_4":0,"lipstick_3":0,"helmet_1":7,"eyebrows_2":0,"tshirt_2":0,"bags_1":0,"beard_1":9,"bracelets_1":-1,"chin_2":0,"nose_3":0,"ears_2":0,"moles_2":0,"blemishes_1":0,"hair_2":0,"makeup_2":0,"bproof_1":0,"nose_6":0,"shoes_1":0,"age_2":0,"decals_2":0,"glasses_2":0,"torso_2":1,"nose_5":0,"dad":7,"watches_1":-1,"lip_thickness":0,"mask_2":0,"eye_color":0,"complexion_1":0,"bodyb_4":0,"makeup_3":0,"chain_2":0,"chin_3":0,"decals_1":0,"moles_1":0,"chin_1":0,"nose_2":0,"chest_3":0,"cheeks_1":0,"arms_2":0,"sun_2":0,"eyebrows_4":0,"bags_2":0,"nose_4":0,"lipstick_2":0,"eyebrows_5":0,"skin_md_weight":50,"hair_color_1":9,"sex":0,"eye_squint":0,"neck_thickness":0,"sun_1":0,"chest_1":0,"bracelets_2":0,"hair_color_2":0,"blush_2":0,"watches_2":0,"shoes_2":0,"pants_2":10,"eyebrows_6":0,"cheeks_3":0,"jaw_2":0,"beard_2":10,"blemishes_2":0,"bodyb_1":-1,"bodyb_3":-1,"lipstick_1":0,"makeup_4":0,"torso_1":6,"nose_1":0,"helmet_2":2,"hair_1":19,"mom":44,"eyebrows_3":0,"arms":0,"jaw_1":0,"mask_1":0,"complexion_2":0,"makeup_1":0,"pants_1":64,"lipstick_4":0,"eyebrows_1":0}', '[{"val":493000,"percent":49.3,"name":"hunger"},{"val":494750,"percent":49.475,"name":"thirst"}]', 0, 16, 0, NULL, '2023-06-19 16:29:40', '2023-06-19 17:10:16', NULL, NULL),
	('char1:ae89317802f2590ec0f02bef4d9e9a3bf78ba101', '{"black_money":0,"bank":400,"money":500001}', 'user', '[]', 'unemployed', 0, '[]', '[]', '{"z":258.15087890625,"y":-746.6769409179688,"x":132.92308044433595,"heading":17.00787353515625}', 'Jesse', 'Kuusela', '01/01/1995', 'm', 122, '{"cheeks_2":-10,"eye_squint":0,"arms_2":0,"face_md_weight":61,"chin_4":0,"chain_2":2,"hair_color_2":29,"eyebrows_6":0,"eye_color":0,"nose_2":6,"watches_2":0,"bags_2":0,"ears_1":-1,"decals_2":0,"hair_color_1":61,"hair_2":0,"helmet_1":-1,"lipstick_4":0,"blush_2":0,"blemishes_1":0,"tshirt_2":2,"lipstick_3":0,"glasses_1":0,"nose_6":0,"moles_2":0,"chin_2":0,"eyebrows_2":0,"hair_1":76,"lipstick_1":0,"pants_2":3,"mom":43,"lipstick_2":0,"torso_2":2,"chest_2":0,"chest_1":0,"makeup_1":0,"beard_2":10,"watches_1":-1,"shoes_1":70,"age_1":0,"dad":29,"arms":1,"chin_13":0,"bodyb_1":-1,"age_2":0,"nose_4":8,"chain_1":22,"bproof_1":0,"cheeks_1":2,"glasses_2":0,"eyebrows_3":0,"neck_thickness":0,"beard_3":0,"mask_2":0,"helmet_2":0,"blush_1":0,"skin_md_weight":27,"beard_4":0,"complexion_1":0,"lip_thickness":-2,"makeup_3":0,"sex":0,"bodyb_2":0,"nose_5":10,"bags_1":0,"bproof_2":0,"pants_1":28,"eyebrows_4":0,"mask_1":0,"beard_1":11,"sun_1":0,"chin_3":0,"shoes_2":2,"eyebrows_1":0,"nose_1":-5,"complexion_2":0,"chin_1":0,"blush_3":0,"torso_1":23,"makeup_2":0,"bracelets_1":-1,"jaw_2":0,"makeup_4":0,"eyebrows_5":0,"nose_3":5,"cheeks_3":6,"jaw_1":0,"bodyb_3":-1,"bracelets_2":0,"ears_2":0,"tshirt_1":4,"sun_2":0,"moles_1":0,"blemishes_2":0,"decals_1":0,"chest_3":0,"bodyb_4":0}', '[{"percent":49.91,"name":"hunger","val":499100},{"percent":49.9325,"name":"thirst","val":499325}]', 0, 31, 0, NULL, '2023-06-20 20:54:35', '2023-06-20 21:08:13', NULL, NULL),
	('char1:af9cd23a8e13bdaba90fa6bdaeb91054dd2cbec7', '{"money":500000,"bank":200,"black_money":0}', 'user', '[]', 'unemployed', 0, '[]', '[]', '{"y":-749.2747192382813,"x":136.04835510253907,"heading":0.0,"z":258.1051025390625}', 'Neekeri', 'Laaser', '06/08/2000', 'm', 190, '{"bproof_2":0,"nose_5":10,"sun_2":0,"glasses_2":0,"chin_13":0,"bodyb_2":0,"dad":29,"sun_1":0,"shoes_1":70,"eyebrows_6":0,"nose_2":6,"bags_1":0,"jaw_1":0,"blush_3":0,"nose_3":5,"age_2":0,"watches_1":-1,"makeup_4":0,"makeup_3":0,"eyebrows_1":0,"neck_thickness":0,"chain_2":2,"cheeks_3":6,"lip_thickness":-2,"chin_2":0,"bags_2":0,"tshirt_1":4,"skin_md_weight":27,"blemishes_2":0,"bodyb_3":-1,"eyebrows_4":0,"lipstick_4":0,"hair_color_2":29,"moles_2":0,"bracelets_2":0,"age_1":0,"arms":1,"complexion_2":0,"chin_4":0,"hair_2":0,"chest_3":0,"sex":0,"mask_1":0,"chin_3":0,"glasses_1":0,"moles_1":0,"lipstick_3":0,"makeup_1":0,"helmet_2":0,"bracelets_1":-1,"nose_1":-5,"face_md_weight":61,"nose_6":0,"lipstick_1":0,"decals_1":0,"nose_4":8,"bproof_1":0,"decals_2":0,"hair_color_1":61,"tshirt_2":2,"cheeks_2":-10,"eyebrows_2":0,"beard_2":10,"eye_squint":0,"hair_1":76,"ears_1":-1,"blush_1":0,"bodyb_1":-1,"helmet_1":-1,"chin_1":0,"mask_2":0,"lipstick_2":0,"arms_2":0,"pants_1":28,"torso_2":2,"watches_2":0,"cheeks_1":2,"chain_1":22,"blush_2":0,"torso_1":23,"mom":43,"shoes_2":2,"complexion_1":0,"chest_1":0,"pants_2":3,"beard_1":11,"blemishes_1":0,"beard_3":0,"ears_2":0,"chest_2":0,"eye_color":0,"jaw_2":0,"beard_4":0,"eyebrows_3":0,"makeup_2":0,"bodyb_4":0,"eyebrows_5":0}', '[{"val":960700,"name":"hunger","percent":96.07},{"val":970525,"name":"thirst","percent":97.0525}]', 0, 84, 0, NULL, '2023-07-22 14:39:21', '2023-07-22 14:46:04', NULL, NULL),
	('char1:b0859b45401fb9df11b48b15d669f0e8c5ab7c4a', '{"bank":600,"money":0,"black_money":0}', 'user', '[]', 'unemployed', 0, '[]', '[]', '{"heading":0.0,"y":-749.2747192382813,"z":258.1051025390625,"x":136.04835510253907}', 'Jorma', 'Pontikka', '12/03/1990', 'm', 200, '{"bproof_2":0,"blush_3":0,"chin_13":0,"beard_3":0,"tshirt_1":4,"blush_1":0,"glasses_1":0,"eyebrows_1":0,"chin_4":0,"cheeks_2":-10,"bodyb_2":0,"nose_2":6,"bodyb_3":-1,"watches_1":-1,"age_1":0,"makeup_4":0,"lipstick_3":0,"helmet_1":-1,"eyebrows_2":0,"eye_color":0,"bags_1":0,"beard_1":11,"bracelets_1":-1,"chin_2":0,"nose_3":5,"ears_2":0,"moles_2":0,"blemishes_1":0,"hair_2":0,"makeup_2":0,"bproof_1":0,"nose_6":0,"shoes_1":70,"ears_1":-1,"decals_2":0,"glasses_2":0,"makeup_1":0,"nose_5":10,"dad":29,"mask_1":0,"lip_thickness":-2,"mask_2":0,"chin_1":0,"complexion_1":0,"bodyb_4":0,"makeup_3":0,"chest_1":0,"chest_3":0,"decals_1":0,"moles_1":0,"pants_2":3,"chain_1":22,"chin_3":0,"age_2":0,"chain_2":2,"helmet_2":0,"eyebrows_4":0,"bags_2":0,"nose_4":8,"lipstick_2":0,"eyebrows_5":0,"skin_md_weight":27,"hair_color_1":61,"lipstick_1":0,"watches_2":0,"eyebrows_3":0,"sun_1":0,"bracelets_2":0,"face_md_weight":61,"hair_color_2":29,"beard_2":10,"blush_2":0,"shoes_2":2,"pants_1":28,"eyebrows_6":0,"sun_2":0,"jaw_2":0,"neck_thickness":0,"blemishes_2":0,"hair_1":76,"torso_2":2,"tshirt_2":2,"cheeks_1":2,"sex":0,"bodyb_1":-1,"torso_1":23,"nose_1":-5,"mom":43,"eye_squint":0,"arms":1,"jaw_1":0,"cheeks_3":6,"complexion_2":0,"chest_2":0,"arms_2":0,"lipstick_4":0,"beard_4":0}', '[{"val":463200,"percent":46.32,"name":"hunger"},{"val":472400,"percent":47.24,"name":"thirst"}]', 0, 19, 0, NULL, '2023-06-19 16:41:32', '2023-06-19 16:59:26', NULL, NULL),
	('char1:b2cb5240e0b7f88c6c88e47b37629c76b5059843', '{"money":500000,"bank":0,"black_money":0}', 'user', '[]', 'unemployed', 0, '[]', '[]', '{"z":258.15087890625,"heading":0.0,"x":136.03517150878907,"y":-749.2879028320313}', 'Zyrex', 'Zyrex', '05/05/1999', 'm', 155, NULL, '[]', 0, 64, 0, NULL, '2023-07-09 10:14:17', '2023-07-09 10:14:21', NULL, NULL),
	('char1:b3082edc37059bf0053a408674b60ba8c75a38e0', '{"black_money":0,"money":499999,"bank":400}', 'user', '[]', 'unemployed', 0, '[]', '[]', '{"y":-749.2747192382813,"x":136.04835510253907,"z":258.1051025390625,"heading":0.0}', 'Neekeri', 'Poikanen', '02/11/1999', 'm', 199, '{"cheeks_2":-10,"eye_squint":0,"arms_2":0,"face_md_weight":50,"chin_4":0,"bodyb_4":0,"hair_color_2":29,"sun_1":0,"eye_color":0,"nose_2":6,"watches_2":0,"bags_2":0,"ears_1":-1,"decals_2":0,"hair_color_1":61,"hair_2":0,"helmet_1":-1,"lipstick_4":0,"blush_2":0,"blemishes_1":0,"tshirt_2":2,"lipstick_3":0,"glasses_1":0,"nose_6":0,"moles_2":0,"chin_2":0,"eyebrows_2":0,"hair_1":76,"lipstick_1":0,"pants_2":3,"mom":21,"lipstick_2":0,"torso_2":2,"chest_2":0,"chest_1":0,"makeup_1":0,"beard_2":10,"bodyb_2":0,"shoes_1":70,"age_1":0,"dad":0,"arms":1,"chin_13":0,"eyebrows_3":0,"chin_3":0,"bracelets_2":0,"chain_1":22,"bproof_1":0,"cheeks_1":2,"glasses_2":0,"sun_2":0,"blemishes_2":0,"mask_1":0,"eyebrows_6":0,"helmet_2":0,"blush_1":0,"skin_md_weight":50,"beard_4":0,"beard_3":0,"torso_1":23,"neck_thickness":0,"eyebrows_1":0,"age_2":0,"makeup_2":0,"bags_1":0,"bproof_2":0,"sex":0,"nose_4":8,"blush_3":0,"tshirt_1":4,"lip_thickness":-2,"shoes_2":2,"pants_1":28,"makeup_4":0,"nose_1":-5,"jaw_2":0,"bodyb_1":-1,"beard_1":11,"complexion_1":0,"bracelets_1":-1,"makeup_3":0,"nose_3":5,"chin_1":0,"eyebrows_5":0,"watches_1":-1,"cheeks_3":6,"jaw_1":0,"bodyb_3":-1,"nose_5":10,"ears_2":0,"complexion_2":0,"eyebrows_4":0,"mask_2":0,"moles_1":0,"decals_1":0,"chest_3":0,"chain_2":2}', '[{"percent":90.46,"name":"hunger","val":904600},{"percent":92.845,"name":"thirst","val":928450}]', 0, 30, 0, NULL, '2023-06-20 20:51:21', '2023-06-20 21:07:43', NULL, NULL),
	('char1:b653eee150914c87ff4016a65f613b1642f920ad', '{"black_money":0,"bank":400,"money":0}', 'user', '[]', 'unemployed', 0, '[]', '[]', '{"y":-745.7011108398438,"x":132.43516540527345,"heading":0.0,"z":258.15087890625}', 'Jari', 'Juhani', '05/05/1999', 'm', 160, '{"bproof_2":0,"mask_2":0,"sun_2":0,"glasses_2":0,"chin_13":0,"face_md_weight":61,"dad":29,"sun_1":0,"shoes_1":70,"eyebrows_6":0,"nose_2":6,"bags_1":0,"jaw_1":0,"blush_3":0,"nose_3":5,"blemishes_1":0,"watches_1":-1,"makeup_4":0,"makeup_3":0,"eyebrows_1":0,"neck_thickness":0,"chain_2":2,"cheeks_3":6,"lip_thickness":-2,"chin_2":0,"bags_2":0,"tshirt_1":4,"skin_md_weight":27,"sex":0,"bodyb_3":-1,"eyebrows_4":0,"eyebrows_2":0,"chin_4":0,"bodyb_2":0,"bracelets_2":0,"age_1":0,"arms":1,"bracelets_1":-1,"hair_color_2":29,"hair_2":0,"chest_3":0,"eye_squint":0,"mask_1":0,"chin_3":0,"glasses_1":0,"eye_color":0,"beard_2":10,"makeup_1":0,"helmet_2":0,"eyebrows_5":0,"lipstick_4":0,"blemishes_2":0,"nose_6":0,"lipstick_1":0,"moles_1":0,"nose_4":8,"bproof_1":0,"arms_2":0,"hair_color_1":61,"tshirt_2":2,"eyebrows_3":0,"pants_2":3,"watches_2":0,"lipstick_3":0,"hair_1":76,"ears_1":-1,"lipstick_2":0,"bodyb_1":-1,"helmet_1":-1,"chin_1":0,"makeup_2":0,"beard_1":11,"shoes_2":2,"pants_1":28,"torso_2":2,"blush_1":0,"cheeks_1":2,"chain_1":22,"blush_2":0,"decals_1":0,"mom":43,"torso_1":23,"complexion_1":0,"chest_1":0,"decals_2":0,"nose_1":-5,"age_2":0,"beard_3":0,"ears_2":0,"chest_2":0,"moles_2":0,"jaw_2":0,"beard_4":0,"complexion_2":0,"cheeks_2":-10,"bodyb_4":0,"nose_5":10}', '[{"val":499900,"name":"hunger","percent":49.99},{"val":499925,"name":"thirst","percent":49.9925}]', 0, 77, 0, NULL, '2023-07-20 01:05:58', '2023-07-20 01:18:04', NULL, NULL),
	('char1:bc23a8a07d331cc24258bab0270ff36de59c3351', '{"money":500000,"bank":400,"black_money":0}', 'user', '[]', 'unemployed', 0, '[]', '[]', '{"y":-749.2747192382813,"x":136.04835510253907,"heading":0.0,"z":258.1051025390625}', 'Ali', 'Mohammed', '12/12/2000', 'm', 153, '{"bproof_2":0,"mask_2":0,"sun_2":0,"glasses_2":0,"chin_13":0,"eye_squint":0,"dad":29,"sun_1":0,"shoes_1":0,"eyebrows_6":0,"nose_2":5,"bags_1":0,"jaw_1":0,"blush_3":0,"nose_3":5,"age_2":0,"arms_2":0,"makeup_4":0,"makeup_3":0,"eyebrows_1":0,"neck_thickness":0,"chain_2":0,"cheeks_3":4,"lip_thickness":0,"decals_2":0,"bags_2":0,"tshirt_1":0,"skin_md_weight":0,"sex":0,"bodyb_3":-1,"eyebrows_4":0,"moles_1":0,"watches_2":0,"makeup_2":0,"bracelets_2":0,"blush_1":0,"arms":0,"eyebrows_3":0,"chin_4":0,"hair_2":0,"chest_3":0,"watches_1":-1,"shoes_2":0,"chin_3":0,"glasses_1":0,"eye_color":0,"chin_2":0,"makeup_1":0,"helmet_2":0,"eyebrows_5":0,"lipstick_4":0,"beard_2":10,"nose_6":0,"lipstick_1":0,"torso_1":37,"nose_4":0,"bproof_1":0,"moles_2":0,"hair_color_1":14,"tshirt_2":0,"cheeks_2":8,"eyebrows_2":0,"mask_1":11,"age_1":0,"hair_1":14,"ears_1":-1,"bodyb_2":0,"bodyb_1":-1,"helmet_1":-1,"chin_1":0,"nose_1":6,"complexion_2":0,"hair_color_2":11,"pants_1":4,"torso_2":0,"lipstick_3":0,"cheeks_1":9,"chain_1":0,"beard_1":11,"decals_1":0,"mom":21,"bracelets_1":-1,"complexion_1":0,"chest_1":0,"blemishes_1":0,"lipstick_2":0,"blemishes_2":0,"beard_3":0,"ears_2":0,"chest_2":0,"face_md_weight":47,"jaw_2":0,"beard_4":0,"pants_2":0,"nose_5":0,"bodyb_4":0,"blush_2":0}', '[{"val":949700,"percent":94.97,"name":"hunger"},{"val":962275,"percent":96.22749999999999,"name":"thirst"}]', 0, 106, 0, NULL, '2023-08-01 17:18:29', '2023-08-01 17:27:09', NULL, NULL),
	('char1:bc7a5a46b54329fdb306101f22b44ba695759e65', '{"black_money":0,"bank":400,"money":500000}', 'user', '[]', 'unemployed', 0, '[]', '[]', '{"y":-749.4066162109375,"x":135.019775390625,"heading":70.86614227294922,"z":258.15087890625}', 'Antti', 'Paska', '12/01/1992', 'm', 197, '{"bproof_2":0,"nose_5":0,"sun_2":0,"glasses_2":0,"chin_13":0,"eye_squint":0,"dad":19,"sun_1":0,"lipstick_3":0,"eyebrows_6":0,"nose_2":0,"bags_1":0,"jaw_1":1,"blush_3":0,"nose_3":0,"age_2":0,"arms_2":0,"makeup_4":0,"makeup_3":0,"eyebrows_1":0,"neck_thickness":0,"chain_2":0,"cheeks_3":0,"lip_thickness":0,"chin_2":0,"bags_2":0,"tshirt_1":15,"skin_md_weight":53,"sex":0,"bodyb_3":-1,"eyebrows_4":0,"eye_color":0,"complexion_2":0,"mask_2":0,"bracelets_2":0,"age_1":0,"arms":0,"face_md_weight":52,"chin_4":0,"hair_2":0,"chest_3":0,"watches_2":0,"shoes_2":0,"chin_3":0,"glasses_1":1,"moles_1":0,"beard_2":10,"makeup_1":49,"helmet_2":1,"bracelets_1":-1,"lipstick_4":0,"bodyb_2":0,"nose_6":0,"lipstick_1":0,"beard_1":11,"nose_4":0,"bproof_1":0,"shoes_1":6,"hair_color_1":6,"tshirt_2":0,"cheeks_2":0,"pants_2":2,"nose_1":0,"lipstick_2":0,"hair_1":73,"ears_1":-1,"hair_color_2":0,"bodyb_1":-1,"helmet_1":113,"chin_1":0,"blemishes_2":0,"blemishes_1":0,"decals_2":0,"pants_1":5,"torso_2":1,"makeup_2":10,"cheeks_1":0,"chain_1":0,"blush_2":0,"torso_1":113,"mom":24,"decals_1":0,"complexion_1":0,"chest_1":0,"eyebrows_2":0,"watches_1":-1,"moles_2":0,"beard_3":0,"ears_2":0,"chest_2":0,"eyebrows_3":0,"jaw_2":0,"beard_4":0,"mask_1":122,"eyebrows_5":0,"bodyb_4":0,"blush_1":0}', '[{"val":952600,"name":"hunger","percent":95.26},{"val":964450,"name":"thirst","percent":96.44500000000001}]', 0, 85, 0, NULL, '2023-07-22 14:45:48', '2023-07-22 14:53:54', NULL, NULL),
	('char1:bdce548078ceef569d27ff7d0a65dba2a04bcd7f', '{"black_money":0,"bank":400,"money":0}', 'user', '[]', 'unemployed', 0, '{"WEAPON_PUMPSHOTGUN":{"ammo":2742},"WEAPON_SMG":{"ammo":2413},"WEAPON_CARBINERIFLE":{"ammo":2182},"WEAPON_PISTOL":{"ammo":226}}', '[]', '{"z":16.5076904296875,"y":-2990.861572265625,"x":915.3626098632813,"heading":181.4173126220703}', 'Juhani', 'Kinnunen', '11/11/1999', 'm', 200, '{"cheeks_2":-10,"eye_squint":0,"arms_2":0,"face_md_weight":61,"chin_4":0,"chain_2":2,"hair_color_2":29,"eyebrows_6":0,"eye_color":0,"nose_2":6,"watches_2":0,"bags_2":0,"ears_1":-1,"decals_2":0,"hair_color_1":61,"hair_2":0,"helmet_1":-1,"lipstick_4":0,"blush_2":0,"moles_1":0,"tshirt_2":2,"lipstick_3":0,"glasses_1":0,"nose_6":0,"moles_2":0,"chin_2":0,"sun_2":0,"hair_1":76,"lipstick_1":0,"pants_2":3,"mom":21,"lipstick_2":0,"torso_2":2,"torso_1":23,"chest_1":0,"makeup_1":0,"beard_2":10,"bodyb_2":0,"shoes_1":70,"age_1":0,"dad":29,"arms":1,"complexion_1":0,"eyebrows_3":0,"eyebrows_1":0,"bracelets_2":0,"chain_1":22,"bproof_1":0,"nose_5":10,"glasses_2":0,"chest_2":0,"blemishes_2":0,"beard_3":0,"eyebrows_4":0,"helmet_2":0,"blush_1":0,"skin_md_weight":27,"beard_4":0,"bodyb_4":0,"bodyb_1":-1,"makeup_3":0,"sun_1":0,"chin_3":0,"chin_1":0,"bags_1":0,"bproof_2":0,"sex":0,"makeup_2":0,"watches_1":-1,"bracelets_1":-1,"eyebrows_2":0,"nose_3":5,"lip_thickness":-2,"mask_2":0,"nose_1":-5,"blemishes_1":0,"chin_13":0,"beard_1":11,"age_2":0,"neck_thickness":0,"tshirt_1":4,"jaw_2":0,"complexion_2":0,"eyebrows_5":0,"shoes_2":2,"cheeks_3":6,"jaw_1":0,"bodyb_3":-1,"pants_1":28,"ears_2":0,"nose_4":8,"blush_3":0,"makeup_4":0,"cheeks_1":2,"decals_1":0,"chest_3":0,"mask_1":0}', '[{"percent":92.82000000000001,"name":"hunger","val":928200},{"percent":94.61500000000001,"name":"thirst","val":946150}]', 0, 32, 0, NULL, '2023-06-21 21:00:19', '2023-06-21 21:12:36', NULL, NULL),
	('char1:c0840453a5f707e3520d3c74dbb47bb2b8731dfe', '{"black_money":0,"bank":400,"money":0}', 'user', '[]', 'unemployed', 0, '[]', '[]', '{"y":-746.8087768554688,"x":132.96263122558595,"heading":82.20472717285156,"z":258.15087890625}', 'Kalle', 'Kanerva', '20/02/2000', 'm', 140, '{"bproof_2":0,"nose_5":10,"sun_2":0,"glasses_2":0,"chin_13":0,"eye_squint":0,"dad":29,"sun_1":0,"shoes_1":70,"eyebrows_6":0,"nose_2":6,"bags_1":0,"jaw_1":0,"blush_3":0,"nose_3":5,"age_2":0,"watches_1":-1,"makeup_4":0,"makeup_3":0,"eyebrows_1":0,"neck_thickness":0,"chain_2":2,"cheeks_3":6,"lip_thickness":-2,"chin_2":0,"bags_2":0,"tshirt_1":4,"skin_md_weight":27,"sex":0,"bodyb_3":-1,"eyebrows_4":0,"cheeks_2":-10,"watches_2":0,"age_1":0,"bracelets_2":0,"beard_2":10,"arms":1,"pants_2":3,"chin_4":0,"hair_2":0,"chest_3":0,"eye_color":0,"shoes_2":2,"chin_3":0,"glasses_1":0,"moles_1":0,"arms_2":0,"makeup_1":0,"helmet_2":0,"eyebrows_5":0,"lipstick_4":0,"beard_1":11,"nose_6":0,"lipstick_1":0,"blemishes_2":0,"nose_4":8,"bproof_1":0,"bracelets_1":-1,"hair_color_1":61,"tshirt_2":2,"eyebrows_3":0,"eyebrows_2":0,"bodyb_2":0,"decals_2":0,"hair_1":76,"ears_1":-1,"torso_2":2,"bodyb_1":-1,"helmet_1":-1,"chin_1":0,"nose_1":-5,"torso_1":23,"hair_color_2":29,"pants_1":28,"moles_2":0,"blemishes_1":0,"cheeks_1":2,"chain_1":22,"blush_2":0,"decals_1":0,"mom":43,"complexion_2":0,"complexion_1":0,"chest_1":0,"mask_2":0,"lipstick_3":0,"mask_1":0,"beard_3":0,"ears_2":0,"chest_2":0,"face_md_weight":61,"jaw_2":0,"beard_4":0,"makeup_2":0,"blush_1":0,"bodyb_4":0,"lipstick_2":0}', '[{"val":498900,"percent":49.89,"name":"hunger"},{"val":499175,"percent":49.9175,"name":"thirst"}]', 0, 91, 0, NULL, '2023-07-25 12:29:37', '2023-07-25 12:41:06', NULL, NULL),
	('char1:c35384b343a79964b5d4700d4a3d1862300b946a', '{"black_money":0,"money":0,"bank":200}', 'user', '[]', 'unemployed', 0, '[]', '[]', '{"heading":277.7952880859375,"x":131.55165100097657,"y":-746.03076171875,"z":258.15087890625}', 'Kari', 'Lampinen', '13/06/1995', 'm', 188, '{"bproof_2":0,"blush_3":0,"chin_13":0,"beard_3":0,"tshirt_1":4,"blush_1":0,"glasses_1":0,"ears_1":-1,"chin_4":0,"cheeks_2":-10,"bodyb_2":0,"chest_2":0,"chain_1":22,"face_md_weight":61,"age_1":0,"makeup_4":0,"lipstick_3":0,"helmet_1":-1,"eyebrows_2":0,"eye_color":0,"bags_1":0,"beard_1":11,"bracelets_1":-1,"chin_2":0,"nose_3":5,"ears_2":0,"moles_2":0,"blemishes_1":0,"neck_thickness":0,"makeup_2":0,"bproof_1":0,"nose_1":-5,"shoes_1":70,"pants_2":3,"decals_2":0,"glasses_2":0,"makeup_1":0,"nose_5":10,"dad":29,"blemishes_2":0,"lip_thickness":-2,"mask_2":0,"beard_4":0,"complexion_1":0,"bodyb_4":0,"makeup_3":0,"chest_1":0,"chest_3":0,"decals_1":0,"beard_2":10,"chin_1":0,"complexion_2":0,"tshirt_2":2,"cheeks_1":2,"bodyb_3":-1,"helmet_2":0,"eyebrows_4":0,"bags_2":0,"nose_4":8,"lipstick_2":0,"bracelets_2":0,"skin_md_weight":27,"hair_color_1":61,"lipstick_1":0,"pants_1":28,"eyebrows_5":0,"sun_1":0,"nose_2":6,"hair_2":0,"hair_color_2":29,"chin_3":0,"blush_2":0,"shoes_2":2,"eyebrows_1":0,"eyebrows_6":0,"cheeks_3":6,"jaw_2":0,"hair_1":76,"mask_1":0,"age_2":0,"moles_1":0,"torso_1":23,"nose_6":0,"sex":0,"bodyb_1":-1,"eye_squint":0,"arms_2":0,"mom":43,"eyebrows_3":0,"arms":1,"jaw_1":0,"sun_2":0,"chain_2":2,"watches_2":0,"watches_1":-1,"lipstick_4":0,"torso_2":2}', '[{"val":492000,"name":"hunger","percent":49.2},{"val":494000,"name":"thirst","percent":49.4}]', 0, 22, 0, NULL, '2023-06-19 17:12:12', '2023-06-19 17:16:43', NULL, NULL),
	('char1:c3ccfc9844fddc040d0ae5418c1ec732c5c928db', '{"black_money":0,"bank":400,"money":1000000}', 'user', '[]', 'unemployed', 0, '[]', '[]', '{"y":-747.1384887695313,"x":132.6988983154297,"heading":28.34645652770996,"z":258.15087890625}', 'Jorma', 'Rilleri', '08/02/2000', 'm', 199, '{"bproof_2":0,"mask_2":0,"sun_2":0,"glasses_2":0,"chin_13":0,"eye_squint":0,"dad":29,"sun_1":0,"lipstick_3":0,"eyebrows_6":0,"nose_2":6,"bags_1":0,"jaw_1":0,"blush_3":0,"nose_3":5,"blemishes_1":0,"arms_2":0,"makeup_4":0,"makeup_3":0,"eyebrows_1":0,"neck_thickness":0,"chain_2":2,"cheeks_3":6,"lip_thickness":-2,"decals_2":0,"bags_2":0,"tshirt_1":4,"skin_md_weight":27,"blemishes_2":0,"bodyb_3":-1,"eyebrows_4":0,"face_md_weight":61,"bodyb_2":0,"complexion_2":0,"bracelets_2":0,"age_1":0,"arms":1,"watches_1":-1,"chin_4":0,"hair_2":0,"chest_3":0,"moles_2":0,"mask_1":0,"chin_3":0,"glasses_1":0,"eye_color":0,"hair_color_2":29,"makeup_1":0,"helmet_2":0,"bracelets_1":-1,"nose_1":-5,"chin_2":0,"nose_6":0,"lipstick_1":0,"cheeks_2":-10,"nose_4":8,"bproof_1":0,"moles_1":0,"hair_color_1":61,"tshirt_2":2,"eyebrows_3":0,"eyebrows_2":0,"blush_1":0,"sex":0,"hair_1":76,"ears_1":-1,"decals_1":0,"bodyb_1":-1,"helmet_1":-1,"chin_1":0,"nose_5":10,"beard_2":10,"shoes_2":2,"pants_1":28,"torso_2":2,"lipstick_2":0,"cheeks_1":2,"chain_1":22,"blush_2":0,"torso_1":23,"mom":43,"beard_1":11,"complexion_1":0,"chest_1":0,"lipstick_4":0,"age_2":0,"eyebrows_5":0,"beard_3":0,"ears_2":0,"chest_2":0,"watches_2":0,"jaw_2":0,"beard_4":0,"makeup_2":0,"pants_2":3,"bodyb_4":0,"shoes_1":70}', '[{"val":496500,"percent":49.65,"name":"hunger"},{"val":497375,"percent":49.7375,"name":"thirst"}]', 0, 90, 0, NULL, '2023-07-25 12:27:41', '2023-07-25 12:41:07', NULL, NULL),
	('char1:cfe770b50c2857a9fed6c7227f3560722a4cc278', '{"money":500000,"bank":0,"black_money":0}', 'user', '[]', 'unemployed', 0, '[]', '[]', '{"y":-749.2747192382813,"x":136.04835510253907,"heading":0.0,"z":258.1051025390625}', 'Pekka', 'Jarvenpaa', '01/01/1990', 'm', 190, '{"bproof_2":0,"nose_5":10,"sun_2":0,"glasses_2":0,"chin_13":0,"face_md_weight":61,"dad":29,"sun_1":0,"lipstick_3":0,"eyebrows_6":0,"nose_2":6,"bags_1":0,"jaw_1":0,"blush_3":0,"nose_3":5,"makeup_2":0,"watches_1":-1,"makeup_4":0,"makeup_3":0,"eyebrows_1":0,"neck_thickness":0,"chain_2":2,"cheeks_3":6,"lip_thickness":-2,"decals_2":0,"bags_2":0,"tshirt_1":4,"skin_md_weight":27,"sex":0,"bodyb_3":-1,"eyebrows_4":0,"complexion_2":0,"bracelets_1":-1,"bodyb_2":0,"bracelets_2":0,"blush_1":0,"arms":1,"shoes_2":2,"chin_4":0,"hair_2":0,"chest_3":0,"chin_2":0,"lipstick_2":0,"chin_3":0,"glasses_1":0,"eye_color":0,"blemishes_1":0,"makeup_1":0,"helmet_2":0,"eyebrows_5":0,"nose_1":-5,"mask_1":0,"nose_6":0,"lipstick_1":0,"decals_1":0,"nose_4":8,"bproof_1":0,"beard_2":10,"hair_color_1":61,"tshirt_2":2,"cheeks_2":-10,"eyebrows_2":0,"beard_1":11,"moles_2":0,"hair_1":76,"ears_1":-1,"watches_2":0,"bodyb_1":-1,"helmet_1":-1,"chin_1":0,"moles_1":0,"arms_2":0,"age_1":0,"pants_1":28,"torso_2":2,"hair_color_2":29,"cheeks_1":2,"chain_1":22,"blush_2":0,"torso_1":23,"mom":43,"shoes_1":70,"complexion_1":0,"chest_1":0,"lipstick_4":0,"mask_2":0,"blemishes_2":0,"beard_3":0,"ears_2":0,"chest_2":0,"pants_2":3,"jaw_2":0,"beard_4":0,"age_2":0,"eyebrows_3":0,"bodyb_4":0,"eye_squint":0}', '[{"val":984000,"name":"hunger","percent":98.4},{"val":988000,"name":"thirst","percent":98.8}]', 0, 96, 0, NULL, '2023-07-26 22:45:20', '2023-07-26 22:48:14', NULL, NULL),
	('char1:d0ba3b4f9b520367949fc7fe4c330efcd0a44aec', '{"black_money":0,"bank":0,"money":0}', 'user', '[]', 'unemployed', 0, '[]', '[]', '{"y":-746.2153930664063,"x":133.09451293945313,"heading":300.4724426269531,"z":258.15087890625}', 'Mamu', 'Nekre', '11/02/1999', 'f', 169, '{"bproof_2":0,"mask_2":0,"sun_2":0,"complexion_2":0,"chin_13":-10,"bodyb_2":0,"dad":6,"sun_1":0,"shoes_1":20,"eyebrows_6":-8,"nose_2":4,"bags_1":0,"jaw_1":0,"blush_3":0,"nose_3":5,"age_2":0,"watches_1":-1,"makeup_4":0,"makeup_3":0,"eyebrows_1":32,"neck_thickness":-5,"chain_2":0,"watches_2":0,"lip_thickness":0,"chin_2":10,"bags_2":0,"tshirt_1":111,"skin_md_weight":60,"sex":1,"bodyb_3":-1,"eyebrows_4":9,"glasses_2":12,"arms_2":0,"decals_2":0,"bracelets_2":0,"age_1":0,"arms":3,"moles_2":8,"hair_color_2":35,"hair_2":0,"chest_3":0,"blemishes_2":0,"lipstick_2":0,"chin_3":0,"glasses_1":33,"eye_color":8,"blush_2":0,"makeup_1":0,"helmet_2":0,"eyebrows_5":-5,"nose_1":-10,"nose_5":0,"nose_6":0,"lipstick_1":0,"blemishes_1":0,"nose_4":0,"bproof_1":0,"moles_1":12,"hair_color_1":29,"tshirt_2":5,"cheeks_2":0,"eyebrows_2":7,"cheeks_3":0,"chin_4":0,"hair_1":43,"ears_1":-1,"torso_1":25,"bodyb_1":-1,"helmet_1":-1,"chin_1":-10,"blush_1":0,"lipstick_3":0,"mask_1":0,"pants_1":12,"torso_2":2,"makeup_2":0,"cheeks_1":0,"chain_1":85,"beard_1":0,"decals_1":0,"mom":28,"lipstick_4":0,"complexion_1":0,"chest_1":0,"eye_squint":-6,"bracelets_1":-1,"face_md_weight":63,"beard_3":0,"ears_2":0,"chest_2":0,"shoes_2":10,"jaw_2":0,"beard_4":0,"pants_2":2,"eyebrows_3":52,"bodyb_4":0,"beard_2":0}', '[{"val":497300,"name":"hunger","percent":49.73},{"val":497975,"name":"thirst","percent":49.7975}]', 0, 111, 0, NULL, '2023-08-02 01:40:13', '2023-08-02 01:41:44', NULL, NULL),
	('char1:d963e330833c3069938c47ce409802242a842669', '{"money":500000,"bank":0,"black_money":0}', 'user', '[]', 'unemployed', 0, '[]', '[]', '{"y":-749.2747192382813,"z":258.1051025390625,"heading":0.0,"x":136.04835510253907}', 'Sas', 'Sass', '21/12/1999', 'm', 188, '{"lipstick_4":0,"glasses_2":0,"bodyb_2":0,"shoes_2":2,"makeup_4":0,"lipstick_3":0,"decals_2":0,"pants_2":3,"blush_3":0,"blemishes_2":0,"nose_4":8,"torso_1":23,"jaw_1":0,"jaw_2":0,"nose_6":0,"nose_5":10,"hair_1":76,"eye_color":0,"moles_1":0,"eyebrows_1":0,"chin_1":0,"mom":43,"blemishes_1":0,"cheeks_3":6,"torso_2":2,"watches_1":-1,"bproof_1":0,"chest_1":0,"makeup_3":0,"eyebrows_3":0,"cheeks_2":-10,"chain_1":22,"chain_2":2,"watches_2":0,"chest_3":0,"cheeks_1":2,"helmet_2":0,"tshirt_1":4,"eyebrows_5":0,"arms":1,"hair_color_1":61,"bodyb_4":0,"lipstick_2":0,"bags_1":0,"bodyb_1":-1,"age_1":0,"bracelets_2":0,"face_md_weight":61,"blush_1":0,"tshirt_2":2,"dad":29,"eyebrows_2":0,"beard_1":11,"chin_4":0,"mask_2":0,"beard_4":0,"sex":0,"eye_squint":0,"beard_2":10,"nose_2":6,"arms_2":0,"sun_2":0,"nose_1":-5,"nose_3":5,"age_2":0,"chin_13":0,"glasses_1":0,"chest_2":0,"beard_3":0,"hair_2":0,"helmet_1":-1,"decals_1":0,"lipstick_1":0,"ears_1":-1,"moles_2":0,"hair_color_2":29,"bracelets_1":-1,"chin_3":0,"ears_2":0,"makeup_1":0,"shoes_1":70,"bags_2":0,"blush_2":0,"eyebrows_6":0,"complexion_1":0,"neck_thickness":0,"bodyb_3":-1,"chin_2":0,"mask_1":0,"pants_1":28,"eyebrows_4":0,"bproof_2":0,"makeup_2":0,"sun_1":0,"skin_md_weight":27,"lip_thickness":-2,"complexion_2":0}', '[{"percent":97.2,"name":"hunger","val":972000},{"percent":97.89999999999999,"name":"thirst","val":979000}]', 0, 74, 0, NULL, '2023-07-15 22:14:33', '2023-07-15 22:19:22', NULL, NULL),
	('char1:da1182f16b2d078a2b988f40207d52973a2f79b7', '{"black_money":0,"bank":0,"money":500000}', 'user', '[]', 'unemployed', 0, '[]', '[]', '{"y":-751.3713989257813,"x":145.13406372070313,"heading":79.37007904052735,"z":258.15087890625}', 'Adawdwa', 'Awdawdwa', '02/04/1987', 'm', 200, '{"bproof_2":0,"mask_2":0,"sun_2":0,"complexion_2":0,"chin_13":0,"bodyb_2":0,"dad":29,"sun_1":0,"lipstick_3":0,"eyebrows_6":0,"nose_2":6,"bags_1":0,"jaw_1":0,"blush_3":0,"nose_3":5,"blemishes_1":0,"watches_1":-1,"makeup_4":0,"makeup_3":0,"eyebrows_1":0,"neck_thickness":0,"chain_2":2,"cheeks_3":6,"lip_thickness":-2,"chin_2":0,"bags_2":0,"tshirt_1":4,"skin_md_weight":27,"sex":0,"bodyb_3":-1,"eyebrows_4":0,"shoes_2":2,"blush_2":0,"age_2":0,"bracelets_2":0,"age_1":0,"arms":1,"arms_2":0,"chin_4":0,"hair_2":0,"chest_3":0,"hair_color_2":29,"mask_1":0,"chin_3":0,"glasses_1":0,"moles_1":0,"nose_5":10,"makeup_1":0,"helmet_2":0,"bracelets_1":-1,"lipstick_4":0,"cheeks_2":-10,"nose_6":0,"lipstick_1":0,"blush_1":0,"nose_4":8,"bproof_1":0,"eyebrows_2":0,"hair_color_1":61,"tshirt_2":2,"eyebrows_3":0,"pants_2":3,"beard_2":10,"decals_1":0,"hair_1":76,"ears_1":-1,"eyebrows_5":0,"bodyb_1":-1,"helmet_1":-1,"chin_1":0,"blemishes_2":0,"watches_2":0,"shoes_1":70,"pants_1":28,"torso_2":2,"nose_1":-5,"cheeks_1":2,"chain_1":22,"beard_1":11,"torso_1":23,"mom":43,"lipstick_2":0,"complexion_1":0,"chest_1":0,"face_md_weight":61,"glasses_2":0,"eye_color":0,"beard_3":0,"ears_2":0,"chest_2":0,"decals_2":0,"jaw_2":0,"beard_4":0,"moles_2":0,"makeup_2":0,"bodyb_4":0,"eye_squint":0}', '[{"val":997000,"percent":99.7,"name":"hunger"},{"val":997750,"percent":99.775,"name":"thirst"}]', 0, 104, 0, NULL, '2023-08-01 13:00:50', '2023-08-01 13:01:29', NULL, NULL),
	('char1:dc5538e65c94c77fbcb91eb614fb2d90e71b50bf', '{"black_money":0,"bank":400,"money":0}', 'user', '[]', 'unemployed', 0, '[]', '[]', '{"y":-746.5054931640625,"x":132.5142822265625,"heading":297.6377868652344,"z":258.15087890625}', 'Homo', 'Onni', '12/12/2000', 'm', 170, '{"bproof_2":0,"nose_5":10,"sun_2":0,"complexion_2":0,"chin_13":0,"bodyb_2":0,"dad":29,"sun_1":0,"shoes_1":70,"eyebrows_6":0,"nose_2":6,"bags_1":0,"jaw_1":0,"blush_3":0,"nose_3":5,"blemishes_1":0,"watches_1":-1,"makeup_4":0,"makeup_3":0,"eyebrows_1":0,"neck_thickness":0,"chain_2":2,"watches_2":0,"lip_thickness":-2,"chin_2":0,"bags_2":0,"tshirt_1":4,"skin_md_weight":27,"sex":0,"bodyb_3":-1,"eyebrows_4":0,"glasses_2":0,"nose_1":-5,"blemishes_2":0,"bracelets_2":0,"blush_1":0,"arms":1,"torso_2":2,"chin_4":0,"hair_2":0,"chest_3":0,"age_1":0,"mask_1":0,"chin_3":0,"glasses_1":0,"moles_1":0,"face_md_weight":61,"makeup_1":0,"helmet_2":0,"bracelets_1":-1,"lipstick_4":0,"decals_2":0,"nose_6":0,"lipstick_1":0,"eyebrows_3":0,"nose_4":8,"bproof_1":0,"beard_2":10,"hair_color_1":61,"tshirt_2":2,"cheeks_2":-10,"pants_2":3,"age_2":0,"eyebrows_2":0,"hair_1":76,"ears_1":-1,"eye_squint":0,"bodyb_1":-1,"helmet_1":-1,"chin_1":0,"hair_color_2":29,"torso_1":23,"lipstick_2":0,"pants_1":28,"moles_2":0,"arms_2":0,"cheeks_1":2,"chain_1":22,"beard_1":11,"decals_1":0,"mom":43,"lipstick_3":0,"complexion_1":0,"chest_1":0,"makeup_2":0,"blush_2":0,"eye_color":0,"beard_3":0,"ears_2":0,"chest_2":0,"cheeks_3":6,"jaw_2":0,"beard_4":0,"mask_2":0,"eyebrows_5":0,"bodyb_4":0,"shoes_2":2}', '[{"val":496300,"percent":49.63,"name":"hunger"},{"val":497225,"percent":49.7225,"name":"thirst"}]', 0, 102, 0, NULL, '2023-07-31 14:40:24', '2023-07-31 14:56:14', NULL, NULL),
	('char1:e81dad9cdf9c700da5f23be608826eb33f8be62f', '{"black_money":0,"money":1,"bank":1600}', 'user', '[]', 'unemployed', 0, '[]', '[]', '{"heading":65.19685363769531,"z":258.1171875,"y":-744.3956298828125,"x":136.36483764648438}', 'Kaira', 'Tiaienn', '05/12/1953', 'm', 167, '{"helmet_2":0,"moles_1":0,"dad":29,"makeup_4":0,"skin_md_weight":27,"age_1":0,"decals_1":0,"complexion_1":0,"makeup_3":0,"lip_thickness":-2,"chest_3":0,"beard_4":0,"chin_1":0,"blush_2":0,"lipstick_1":0,"hair_color_2":29,"arms":1,"eye_squint":0,"mask_1":0,"jaw_2":0,"mom":43,"cheeks_1":2,"ears_2":0,"complexion_2":0,"tshirt_2":2,"bodyb_2":0,"chin_3":0,"bproof_2":0,"eyebrows_3":0,"tshirt_1":4,"makeup_2":0,"bproof_1":0,"nose_2":6,"eyebrows_2":0,"pants_2":3,"shoes_2":2,"watches_2":0,"eyebrows_6":0,"age_2":0,"bags_2":0,"bracelets_1":-1,"chain_2":2,"blush_3":0,"eyebrows_4":0,"sun_1":0,"eye_color":0,"cheeks_3":6,"lipstick_3":0,"cheeks_2":-10,"torso_1":23,"mask_2":0,"blemishes_1":0,"beard_1":11,"ears_1":-1,"bodyb_3":-1,"hair_1":76,"bracelets_2":0,"eyebrows_5":0,"pants_1":28,"lipstick_4":0,"bodyb_1":-1,"shoes_1":70,"beard_3":0,"nose_3":5,"hair_color_1":61,"torso_2":2,"lipstick_2":0,"face_md_weight":61,"chest_1":0,"chin_4":0,"bags_1":0,"sex":1,"blush_1":0,"makeup_1":0,"nose_1":-5,"beard_2":10,"hair_2":0,"neck_thickness":0,"watches_1":-1,"arms_2":0,"blemishes_2":0,"eyebrows_1":0,"decals_2":0,"nose_5":10,"chin_2":0,"glasses_2":0,"sun_2":0,"nose_4":8,"jaw_1":0,"glasses_1":0,"bodyb_4":0,"moles_2":0,"chain_1":22,"chin_13":0,"helmet_1":-1,"nose_6":0,"chest_2":0}', '[{"val":496000,"percent":49.6,"name":"hunger"},{"val":497000,"percent":49.7,"name":"thirst"}]', 1, 40, 0, NULL, '2023-06-28 19:14:42', '2023-06-28 20:38:43', NULL, NULL),
	('char1:e8938bd4a62ae5eb80bfba20c471af31d72538a2', '{"black_money":0,"bank":1600,"money":0}', 'user', '[]', 'unemployed', 0, '[]', '[]', '{"y":-746.3604125976563,"x":132.15823364257813,"heading":73.70079040527344,"z":258.15087890625}', 'Nekeru', 'Naaklgh', '10/10/1999', 'm', 188, '{"mask_2":0,"decals_1":0,"eyebrows_3":0,"pants_1":28,"bodyb_3":-1,"sex":0,"chest_1":0,"chain_2":2,"moles_1":0,"beard_3":0,"chest_2":0,"eyebrows_6":0,"bodyb_4":0,"arms_2":0,"nose_3":5,"makeup_2":0,"eyebrows_2":0,"tshirt_2":2,"blush_3":0,"eyebrows_5":0,"hair_color_1":61,"chain_1":22,"ears_1":-1,"arms":1,"watches_1":-1,"complexion_2":0,"bproof_1":0,"torso_2":2,"nose_4":8,"torso_1":23,"nose_1":-5,"skin_md_weight":27,"makeup_3":0,"sun_2":0,"face_md_weight":61,"mask_1":0,"mom":43,"helmet_2":0,"chin_1":0,"blemishes_2":0,"lipstick_3":0,"lipstick_2":0,"chest_3":0,"bags_2":0,"jaw_1":0,"blush_1":0,"cheeks_1":2,"nose_2":6,"moles_2":0,"lipstick_1":0,"ears_2":0,"chin_4":0,"age_1":0,"bodyb_2":0,"chin_3":0,"chin_2":0,"watches_2":0,"lipstick_4":0,"hair_2":0,"complexion_1":0,"lip_thickness":-2,"eye_squint":0,"blush_2":0,"nose_6":0,"dad":29,"glasses_1":0,"jaw_2":0,"beard_2":10,"eyebrows_1":0,"bproof_2":0,"decals_2":0,"tshirt_1":4,"blemishes_1":0,"cheeks_3":6,"sun_1":0,"hair_color_2":29,"makeup_4":0,"bracelets_1":-1,"chin_13":0,"glasses_2":0,"hair_1":76,"neck_thickness":0,"cheeks_2":-10,"age_2":0,"makeup_1":0,"beard_4":0,"eye_color":0,"bags_1":0,"pants_2":3,"bodyb_1":-1,"shoes_1":70,"beard_1":11,"helmet_1":-1,"nose_5":10,"bracelets_2":0,"eyebrows_4":0,"shoes_2":2}', '[{"val":491300,"name":"hunger","percent":49.13},{"val":493475,"name":"thirst","percent":49.3475}]', 0, 67, 0, NULL, '2023-07-11 02:17:27', '2023-07-26 00:16:52', NULL, NULL),
	('char1:e8ffef9b1288651df52704b82dae80b0ff1a3110', '{"black_money":0,"bank":600,"money":0}', 'user', '[]', 'unemployed', 0, '[]', '[]', '{"y":-749.090087890625,"x":136.5098876953125,"heading":286.2991943359375,"z":258.15087890625}', 'Paska', 'Paska', '07/02/2000', 'm', 190, '{"bproof_2":0,"nose_5":10,"sun_2":0,"complexion_2":0,"chin_13":0,"face_md_weight":61,"dad":29,"sun_1":0,"shoes_1":70,"eyebrows_6":0,"nose_2":6,"bags_1":0,"jaw_1":0,"blush_3":0,"nose_3":5,"blemishes_1":0,"arms_2":0,"makeup_4":0,"makeup_3":0,"eyebrows_1":0,"neck_thickness":0,"chain_2":2,"watches_2":0,"lip_thickness":-2,"decals_2":0,"bags_2":0,"tshirt_1":4,"skin_md_weight":27,"sex":0,"bodyb_3":-1,"eyebrows_4":0,"decals_1":0,"blush_1":0,"eyebrows_5":0,"bracelets_2":0,"age_1":0,"arms":1,"hair_color_2":29,"chin_4":0,"hair_2":0,"chest_3":0,"torso_2":2,"shoes_2":2,"chin_3":0,"glasses_1":0,"eye_color":0,"lipstick_3":0,"makeup_1":0,"helmet_2":0,"bracelets_1":-1,"lipstick_4":0,"watches_1":-1,"nose_6":0,"lipstick_1":0,"mask_2":0,"nose_4":8,"bproof_1":0,"glasses_2":0,"hair_color_1":61,"tshirt_2":2,"eyebrows_3":0,"eyebrows_2":0,"mask_1":0,"lipstick_2":0,"hair_1":76,"ears_1":-1,"makeup_2":0,"bodyb_1":-1,"helmet_1":-1,"chin_1":0,"nose_1":-5,"pants_2":3,"moles_1":0,"pants_1":28,"moles_2":0,"cheeks_3":6,"cheeks_1":2,"chain_1":22,"blush_2":0,"torso_1":23,"mom":43,"bodyb_2":0,"complexion_1":0,"chest_1":0,"beard_2":10,"chin_2":0,"blemishes_2":0,"beard_3":0,"ears_2":0,"chest_2":0,"beard_1":11,"jaw_2":0,"beard_4":0,"age_2":0,"cheeks_2":-10,"bodyb_4":0,"eye_squint":0}', '[{"val":498200,"percent":49.82,"name":"hunger"},{"val":498650,"percent":49.86499999999999,"name":"thirst"}]', 0, 100, 0, NULL, '2023-07-30 20:52:34', '2023-07-30 21:08:38', NULL, NULL),
	('char1:e96abd16fde2d0efd5ad771cf6efd2fcf6629cb7', '{"bank":2400,"money":4002,"black_money":0}', 'user', '[]', 'unemployed', 0, '[]', '[]', '{"x":120.4879150390625,"heading":334.4881896972656,"z":258.15087890625,"y":-728.6901245117188}', 'Konter', 'Jontula', '05/12/1902', 'm', 123, '{"age_2":0,"mask_2":0,"tshirt_2":0,"glasses_1":3,"hair_2":0,"chain_2":3,"watches_1":-1,"makeup_4":0,"complexion_1":0,"beard_4":0,"mask_1":51,"eye_squint":0,"eyebrows_4":0,"arms":4,"makeup_1":13,"blush_1":6,"torso_2":0,"helmet_2":0,"lip_thickness":0,"lipstick_4":0,"ears_1":-1,"pants_1":12,"shoes_1":6,"cheeks_3":0,"skin_md_weight":50,"eyebrows_2":10,"age_1":0,"chin_2":0,"blush_3":0,"bproof_1":0,"tshirt_1":14,"hair_1":15,"bodyb_3":-1,"jaw_1":0,"hair_color_1":0,"nose_6":0,"eyebrows_1":4,"eye_color":0,"eyebrows_6":0,"bproof_2":0,"cheeks_2":0,"chin_3":0,"eyebrows_3":0,"nose_3":0,"decals_2":0,"bags_2":0,"chest_1":0,"face_md_weight":50,"bodyb_1":-1,"chest_3":0,"pants_2":2,"beard_1":0,"bodyb_2":0,"nose_1":0,"beard_3":0,"complexion_2":0,"bodyb_4":0,"shoes_2":0,"mom":21,"ears_2":0,"lipstick_2":8,"cheeks_1":0,"blush_2":0,"chest_2":0,"chain_1":6,"bracelets_1":-1,"nose_4":0,"arms_2":0,"nose_2":0,"blemishes_2":0,"bags_1":0,"nose_5":0,"blemishes_1":0,"watches_2":0,"sun_2":0,"chin_13":0,"moles_1":0,"moles_2":0,"chin_1":0,"jaw_2":0,"helmet_1":-1,"dad":0,"sex":1,"decals_1":0,"beard_2":0,"hair_color_2":0,"lipstick_1":0,"makeup_2":10,"eyebrows_5":0,"glasses_2":5,"sun_1":0,"bracelets_2":0,"torso_1":22,"neck_thickness":0,"chin_4":0,"makeup_3":4,"lipstick_3":19}', '[{"val":490300,"percent":49.03,"name":"hunger"},{"val":492725,"percent":49.2725,"name":"thirst"}]', 0, 36, 0, NULL, '2023-06-26 13:37:02', '2023-06-28 19:46:48', NULL, NULL),
	('char1:ec6007fda6dc7a3d87ac7b294742ad673df848e4', '{"black_money":0,"money":0,"bank":200}', 'user', '[]', 'unemployed', 0, '[]', '[]', '{"heading":249.44882202148438,"z":258.15087890625,"y":-750.01318359375,"x":137.40660095214845}', 'Asd', 'Dsa', '01/02/2000', 'm', 169, '{"watches_2":0,"glasses_2":0,"decals_1":0,"shoes_1":70,"bproof_1":0,"lipstick_1":0,"bodyb_3":-1,"chest_2":0,"nose_2":6,"eyebrows_5":0,"eyebrows_6":0,"tshirt_1":4,"makeup_3":0,"bags_1":0,"nose_5":10,"makeup_2":0,"blush_3":0,"chin_13":0,"beard_2":10,"beard_3":0,"eye_squint":0,"makeup_1":0,"pants_1":28,"eyebrows_4":0,"glasses_1":0,"sex":0,"mom":21,"chin_4":0,"blush_1":0,"hair_1":76,"eyebrows_2":0,"chest_1":0,"face_md_weight":61,"lip_thickness":-2,"mask_2":0,"complexion_1":0,"skin_md_weight":27,"lipstick_3":0,"moles_1":0,"sun_2":0,"jaw_1":0,"blemishes_1":0,"chin_2":0,"pants_2":3,"chest_3":0,"cheeks_1":2,"bodyb_2":0,"ears_2":0,"nose_3":5,"bproof_2":0,"dad":29,"bodyb_4":0,"complexion_2":0,"hair_2":0,"eye_color":0,"bags_2":0,"age_2":0,"helmet_2":0,"eyebrows_1":0,"helmet_1":-1,"sun_1":0,"torso_2":2,"age_1":0,"nose_4":8,"arms":1,"nose_6":0,"eyebrows_3":0,"jaw_2":0,"chin_1":0,"cheeks_3":6,"ears_1":-1,"arms_2":0,"tshirt_2":2,"blush_2":0,"neck_thickness":0,"chain_2":2,"shoes_2":2,"beard_4":0,"chin_3":0,"blemishes_2":0,"lipstick_4":0,"beard_1":11,"cheeks_2":-10,"makeup_4":0,"hair_color_2":29,"decals_2":0,"torso_1":23,"bodyb_1":-1,"chain_1":22,"bracelets_1":-1,"mask_1":0,"hair_color_1":61,"watches_1":-1,"lipstick_2":0,"moles_2":0,"nose_1":-5,"bracelets_2":0}', '[{"percent":49.91,"val":499100,"name":"hunger"},{"percent":49.9325,"val":499325,"name":"thirst"}]', 0, 61, 0, NULL, '2023-07-01 21:00:44', '2023-07-01 21:06:29', NULL, NULL),
	('char1:ec64c62b8a8043759e889f22f98401cc83438099', '{"black_money":0,"bank":0,"money":500000}', 'user', '[]', 'unemployed', 0, '[]', '[]', '{"y":-729.6395874023438,"x":121.5956039428711,"heading":325.9842529296875,"z":258.3363037109375}', 'Janne', 'Lihapiiras', '12/12/1999', 'm', 200, '{"bproof_2":0,"nose_5":10,"sun_2":0,"glasses_2":0,"chin_13":0,"bodyb_2":0,"dad":29,"sun_1":0,"shoes_1":70,"eyebrows_6":0,"nose_2":6,"bags_1":0,"jaw_1":0,"blush_3":0,"nose_3":5,"blemishes_1":0,"arms_2":0,"makeup_4":0,"makeup_3":0,"eyebrows_1":0,"neck_thickness":0,"chain_2":2,"cheeks_3":6,"lip_thickness":-2,"decals_2":0,"bags_2":0,"tshirt_1":4,"skin_md_weight":27,"sex":0,"bodyb_3":-1,"eyebrows_4":0,"mask_2":0,"watches_1":-1,"chin_2":0,"bracelets_2":0,"beard_2":10,"arms":1,"eye_color":0,"hair_color_2":29,"hair_2":0,"chest_3":0,"pants_2":3,"lipstick_2":0,"chin_3":0,"glasses_1":0,"moles_1":0,"blemishes_2":0,"makeup_1":0,"helmet_2":0,"bracelets_1":-1,"lipstick_4":0,"moles_2":0,"nose_6":0,"lipstick_1":0,"shoes_2":2,"nose_4":8,"bproof_1":0,"chin_4":0,"hair_color_1":61,"tshirt_2":2,"eyebrows_3":0,"eyebrows_2":0,"mask_1":0,"watches_2":0,"hair_1":76,"ears_1":-1,"face_md_weight":61,"bodyb_1":-1,"helmet_1":-1,"chin_1":0,"complexion_2":0,"eye_squint":0,"cheeks_2":-10,"pants_1":28,"torso_2":2,"blush_2":0,"cheeks_1":2,"chain_1":22,"beard_1":11,"torso_1":23,"mom":43,"age_2":0,"complexion_1":0,"chest_1":0,"blush_1":0,"makeup_2":0,"nose_1":-5,"beard_3":0,"ears_2":0,"chest_2":0,"decals_1":0,"jaw_2":0,"beard_4":0,"eyebrows_5":0,"age_1":0,"bodyb_4":0,"lipstick_3":0}', '[{"val":998900,"percent":99.89,"name":"hunger"},{"val":999175,"percent":99.9175,"name":"thirst"}]', 0, 94, 0, NULL, '2023-07-26 20:53:09', '2023-07-26 20:53:42', NULL, NULL),
	('char1:ede52aae28268f48cf94c668f46a2cce7ad35366', '{"black_money":0,"money":500000,"bank":0}', 'user', '[]', 'unemployed', 0, '[]', '[]', '{"heading":252.28346252441407,"z":258.21826171875,"y":-746.8087768554688,"x":134.41319274902345}', 'Olli', 'Kli', '04/03/2000', 'm', 189, '{"watches_2":0,"shoes_2":2,"decals_1":0,"shoes_1":70,"nose_4":8,"tshirt_2":2,"blemishes_2":0,"chest_2":0,"nose_2":6,"eyebrows_5":0,"eyebrows_6":0,"tshirt_1":4,"makeup_3":0,"bags_1":0,"nose_5":10,"bags_2":0,"chain_1":22,"chin_13":0,"chin_3":0,"beard_3":0,"eye_squint":0,"makeup_1":0,"pants_1":28,"eyebrows_4":0,"glasses_1":0,"eyebrows_3":0,"mom":43,"chin_4":0,"blush_1":0,"hair_1":76,"age_2":0,"chest_1":0,"bodyb_1":-1,"lip_thickness":-2,"mask_2":0,"complexion_1":0,"skin_md_weight":27,"jaw_1":0,"moles_1":0,"sun_1":0,"bodyb_2":0,"blemishes_1":0,"chin_2":0,"pants_2":3,"complexion_2":0,"jaw_2":0,"eye_color":0,"ears_2":0,"chest_3":0,"chain_2":2,"chin_1":0,"makeup_2":0,"bproof_1":0,"hair_2":0,"lipstick_2":0,"eyebrows_2":0,"sun_2":0,"helmet_2":0,"torso_2":2,"helmet_1":-1,"nose_6":0,"bodyb_3":-1,"beard_2":10,"age_1":0,"arms":1,"ears_1":-1,"lipstick_1":0,"lipstick_3":0,"cheeks_3":6,"sex":0,"cheeks_1":2,"arms_2":0,"hair_color_1":61,"makeup_4":0,"neck_thickness":0,"nose_3":5,"dad":29,"blush_3":0,"eyebrows_1":0,"beard_4":0,"lipstick_4":0,"beard_1":11,"cheeks_2":-10,"blush_2":0,"bproof_2":0,"decals_2":0,"torso_1":23,"hair_color_2":29,"bracelets_1":-1,"face_md_weight":61,"mask_1":0,"bodyb_4":0,"watches_1":-1,"glasses_2":0,"moles_2":0,"nose_1":-5,"bracelets_2":0}', '[]', 0, 56, 0, NULL, '2023-06-29 22:37:33', '2023-06-29 22:37:38', NULL, NULL),
	('char1:efa4d5f4901900b998ef1d9cb6ae6055bed44151', '{"black_money":0,"money":0,"bank":200}', 'user', '[]', 'unemployed', 0, '[]', '[]', '{"heading":170.0787353515625,"z":258.15087890625,"y":-748.918701171875,"x":135.1648406982422}', 'Joonas', 'Alaston', '03/04/2000', 'm', 199, '{"watches_2":0,"shoes_2":1,"decals_1":0,"shoes_1":6,"bproof_1":0,"lipstick_1":0,"blemishes_2":0,"chest_2":0,"nose_2":0,"eyebrows_5":0,"eyebrows_6":0,"tshirt_1":15,"makeup_3":0,"bags_1":0,"nose_5":0,"makeup_2":0,"chain_1":22,"ears_1":-1,"chin_3":0,"beard_3":0,"eye_squint":0,"makeup_1":0,"pants_1":8,"lipstick_2":0,"glasses_1":0,"sex":1,"mom":21,"chin_4":0,"blush_1":0,"hair_1":3,"eyebrows_2":0,"chest_1":0,"bodyb_1":-1,"sun_2":0,"mask_2":0,"beard_4":0,"skin_md_weight":50,"lipstick_3":0,"moles_1":0,"sun_1":0,"complexion_2":0,"blemishes_1":0,"chin_2":0,"pants_2":1,"blush_3":0,"cheeks_1":0,"bproof_2":0,"ears_2":0,"chest_3":0,"chain_2":2,"makeup_4":0,"nose_4":0,"blush_2":0,"hair_2":0,"dad":0,"jaw_1":0,"eyebrows_4":0,"hair_color_1":0,"eyebrows_1":0,"helmet_1":-1,"age_2":0,"bodyb_3":-1,"bags_2":0,"beard_2":10,"arms":4,"helmet_2":0,"nose_3":0,"eye_color":0,"face_md_weight":50,"lip_thickness":0,"complexion_1":0,"bodyb_4":0,"chin_13":0,"cheeks_3":0,"neck_thickness":0,"hair_color_2":0,"tshirt_2":0,"torso_2":0,"chin_1":0,"nose_6":0,"lipstick_4":0,"beard_1":11,"cheeks_2":0,"bracelets_1":-1,"jaw_2":0,"decals_2":0,"torso_1":5,"age_1":0,"eyebrows_3":0,"bodyb_2":0,"mask_1":0,"arms_2":0,"watches_1":-1,"glasses_2":0,"moles_2":0,"nose_1":0,"bracelets_2":0}', '[{"percent":49.76999999999999,"val":497700,"name":"hunger"},{"percent":49.8275,"val":498275,"name":"thirst"}]', 0, 54, 0, NULL, '2023-06-29 20:39:53', '2023-06-29 20:45:50', NULL, NULL),
	('char1:f2aba8944ed751469786d5653c3e358977301ebd', '{"black_money":0,"bank":0,"money":500000}', 'user', '[]', 'unemployed', 0, '[]', '[]', '{"y":-746.5450439453125,"x":132.55384826660157,"heading":39.68503952026367,"z":258.15087890625}', 'Jarno', 'Turpola', '06/05/1989', 'm', 189, NULL, '[{"val":997000,"percent":99.7,"name":"hunger"},{"val":997750,"percent":99.775,"name":"thirst"}]', 0, 86, 0, NULL, '2023-07-23 17:20:55', '2023-07-23 17:21:40', NULL, NULL),
	('char1:f40557ee7b2f7fcd16d99495a85365b06b42d5b0', '{"black_money":0,"bank":400,"money":0}', 'user', '[]', 'unemployed', 0, '[]', '[]', '{"y":-746.927490234375,"x":132.6857147216797,"heading":51.02362442016601,"z":258.15087890625}', 'Jarmo', 'Rajala', '21/12/2000', 'm', 131, '{"bproof_2":0,"mask_2":0,"sun_2":0,"glasses_2":0,"chin_13":0,"bodyb_2":0,"dad":29,"sun_1":0,"lipstick_3":0,"eyebrows_6":0,"nose_2":6,"bags_1":0,"jaw_1":0,"blush_3":0,"nose_3":5,"blemishes_1":0,"arms_2":0,"makeup_4":0,"makeup_3":0,"eyebrows_1":0,"neck_thickness":0,"chain_2":2,"watches_2":0,"lip_thickness":-2,"chin_2":0,"bags_2":0,"tshirt_1":4,"skin_md_weight":27,"sex":0,"bodyb_3":-1,"eyebrows_4":0,"decals_2":0,"cheeks_3":6,"beard_2":10,"bracelets_2":0,"age_1":0,"arms":1,"makeup_2":0,"hair_color_2":29,"hair_2":0,"chest_3":0,"nose_1":-5,"shoes_2":2,"chin_3":0,"glasses_1":0,"moles_1":0,"torso_1":23,"makeup_1":0,"helmet_2":0,"bracelets_1":-1,"lipstick_4":0,"pants_2":3,"nose_6":0,"lipstick_1":0,"eye_color":0,"nose_4":8,"bproof_1":0,"blemishes_2":0,"hair_color_1":61,"tshirt_2":2,"eyebrows_3":0,"eyebrows_2":0,"watches_1":-1,"shoes_1":70,"hair_1":76,"ears_1":-1,"eye_squint":0,"bodyb_1":-1,"helmet_1":-1,"chin_1":0,"mask_1":0,"age_2":0,"blush_1":0,"pants_1":28,"moles_2":0,"chin_4":0,"cheeks_1":2,"chain_1":22,"blush_2":0,"decals_1":0,"mom":21,"beard_1":11,"complexion_1":0,"chest_1":0,"nose_5":10,"torso_2":2,"complexion_2":0,"beard_3":0,"ears_2":0,"chest_2":0,"face_md_weight":61,"jaw_2":0,"beard_4":0,"lipstick_2":0,"cheeks_2":-10,"bodyb_4":0,"eyebrows_5":0}', '[{"val":499100,"name":"hunger","percent":49.91},{"val":499325,"name":"thirst","percent":49.9325}]', 0, 89, 0, NULL, '2023-07-25 12:27:22', '2023-07-25 12:41:09', NULL, NULL),
	('char1:f86206e379a063e99ec085e8eec7260faef6448b', '{"black_money":0,"bank":1200,"money":0}', 'user', '[]', 'unemployed', 0, '[]', '[]', '{"y":-747.5472412109375,"x":137.98681640625,"heading":255.11810302734376,"z":258.15087890625}', 'Neekeri', 'Neekeri', '11/11/2000', 'm', 163, '{"bproof_2":0,"mask_2":0,"sun_2":0,"complexion_2":0,"chin_13":0,"eye_squint":0,"dad":2,"sun_1":0,"lipstick_3":0,"eyebrows_6":0,"nose_2":0,"bags_1":0,"jaw_1":0,"blush_3":0,"nose_3":0,"blemishes_1":0,"watches_1":-1,"makeup_4":0,"makeup_3":0,"eyebrows_1":0,"neck_thickness":0,"chain_2":2,"cheeks_3":0,"lip_thickness":0,"chin_2":0,"bags_2":0,"tshirt_1":4,"skin_md_weight":50,"sex":0,"bodyb_3":-1,"eyebrows_4":0,"decals_2":0,"eye_color":0,"face_md_weight":50,"bracelets_2":0,"beard_2":10,"arms":1,"arms_2":0,"hair_color_2":29,"hair_2":0,"chest_3":0,"age_2":0,"lipstick_2":0,"chin_3":0,"glasses_1":0,"moles_1":0,"makeup_2":0,"makeup_1":0,"helmet_2":0,"eyebrows_5":0,"nose_1":0,"pants_2":3,"nose_6":0,"lipstick_1":0,"eyebrows_3":0,"nose_4":0,"bproof_1":0,"glasses_2":0,"hair_color_1":61,"tshirt_2":2,"cheeks_2":0,"eyebrows_2":0,"torso_1":23,"lipstick_4":0,"hair_1":76,"ears_1":-1,"mask_1":0,"bodyb_1":-1,"helmet_1":-1,"chin_1":0,"bodyb_2":0,"blemishes_2":0,"moles_2":0,"pants_1":28,"torso_2":2,"shoes_1":70,"cheeks_1":0,"chain_1":22,"blush_2":0,"decals_1":0,"mom":21,"blush_1":0,"complexion_1":0,"chest_1":0,"watches_2":0,"nose_5":0,"age_1":0,"beard_3":0,"ears_2":0,"chest_2":0,"bracelets_1":-1,"jaw_2":0,"beard_4":0,"beard_1":11,"chin_4":0,"bodyb_4":0,"shoes_2":2}', '[{"val":491100,"percent":49.11,"name":"hunger"},{"val":493325,"percent":49.3325,"name":"thirst"}]', 1, 114, 0, NULL, '2023-08-02 23:59:10', '2023-08-03 00:42:04', NULL, NULL),
	('char1:f98dd9b20cb3118b6050e968687d5834e545591d', '{"black_money":0,"money":0,"bank":600}', 'user', '[]', 'unemployed', 0, '[]', '[]', '{"heading":124.72441101074219,"z":258.15087890625,"y":-747.876953125,"x":130.89230346679688}', 'Las', 'Vonteiser', '01/07/1999', 'm', 166, '{"watches_2":0,"shoes_2":2,"decals_1":0,"shoes_1":70,"nose_4":8,"tshirt_2":2,"bodyb_3":-1,"chest_2":0,"nose_2":6,"hair_color_2":29,"eyebrows_6":0,"tshirt_1":4,"makeup_3":0,"bags_1":0,"nose_5":10,"makeup_2":0,"blush_3":0,"chin_13":0,"chin_3":0,"beard_3":0,"eye_squint":0,"makeup_1":0,"pants_1":28,"lipstick_2":0,"glasses_1":0,"sex":0,"sun_1":0,"chin_4":0,"blush_1":0,"hair_1":76,"age_2":0,"chest_1":0,"face_md_weight":61,"sun_2":0,"mask_2":0,"complexion_1":0,"skin_md_weight":27,"lipstick_3":0,"moles_1":0,"chain_1":22,"bodyb_1":-1,"blemishes_1":0,"chin_2":0,"pants_2":3,"nose_6":0,"cheeks_1":2,"mom":43,"ears_2":0,"chest_3":0,"chain_2":2,"dad":29,"ears_1":-1,"age_1":0,"hair_2":0,"helmet_2":0,"beard_4":0,"bodyb_2":0,"hair_color_1":61,"eyebrows_1":0,"helmet_1":-1,"beard_2":10,"jaw_1":0,"glasses_2":0,"arms_2":0,"arms":1,"bags_2":0,"eyebrows_4":0,"bodyb_4":0,"eyebrows_2":0,"jaw_2":0,"blush_2":0,"cheeks_3":6,"eyebrows_5":0,"lipstick_1":0,"neck_thickness":0,"eye_color":0,"bproof_2":0,"lip_thickness":-2,"blemishes_2":0,"bracelets_1":-1,"lipstick_4":0,"beard_1":11,"cheeks_2":-10,"torso_2":2,"bproof_1":0,"decals_2":0,"torso_1":23,"eyebrows_3":0,"complexion_2":0,"makeup_4":0,"mask_1":0,"nose_3":5,"watches_1":-1,"chin_1":0,"moles_2":0,"nose_1":-5,"bracelets_2":0}', '[{"percent":49.82,"val":498200,"name":"hunger"},{"percent":49.86499999999999,"val":498650,"name":"thirst"}]', 0, 43, 0, NULL, '2023-06-28 20:13:53', '2023-06-28 20:36:42', NULL, NULL),
	('char1:f9b2eec3beac11494d5a0f220e2f354c89ee1c7d', '{"black_money":0,"money":0,"bank":1800}', 'user', '[]', 'unemployed', 0, '[]', '[]', '{"heading":334.4881896972656,"x":136.08792114257813,"y":-748.905517578125,"z":258.134033203125}', 'Teemu', 'Lampinen', '11/11/1934', 'm', 123, '{"bproof_2":0,"blush_3":0,"chin_13":0,"beard_3":0,"lipstick_1":0,"age_2":0,"glasses_1":0,"eyebrows_1":0,"chin_4":0,"cheeks_2":-10,"bodyb_2":0,"nose_2":6,"bodyb_3":-1,"watches_1":-1,"age_1":0,"makeup_4":0,"lipstick_3":0,"helmet_1":-1,"eyebrows_2":0,"pants_1":28,"bags_1":0,"beard_1":11,"bracelets_1":-1,"chin_2":0,"nose_3":5,"ears_2":0,"moles_2":0,"blemishes_1":0,"neck_thickness":0,"makeup_2":0,"bproof_1":0,"nose_1":-5,"shoes_1":70,"torso_1":23,"decals_2":0,"glasses_2":0,"torso_2":2,"nose_5":10,"dad":29,"chin_1":0,"lip_thickness":-2,"mask_2":0,"moles_1":0,"complexion_1":0,"bodyb_4":0,"makeup_3":0,"chest_1":0,"chin_3":0,"decals_1":0,"beard_2":10,"pants_2":3,"chest_3":0,"bodyb_1":-1,"arms_2":0,"hair_2":0,"arms":1,"eyebrows_4":0,"bags_2":0,"nose_4":8,"lipstick_2":0,"bracelets_2":0,"skin_md_weight":27,"hair_color_1":61,"eye_color":0,"chest_2":0,"chain_1":22,"sun_1":0,"chain_2":2,"makeup_1":0,"hair_color_2":29,"blush_1":0,"complexion_2":0,"shoes_2":2,"nose_6":0,"eyebrows_6":0,"cheeks_3":6,"jaw_2":0,"eyebrows_3":0,"mask_1":0,"ears_1":-1,"sun_2":0,"cheeks_1":2,"tshirt_1":4,"sex":0,"face_md_weight":61,"eyebrows_5":0,"blush_2":0,"mom":43,"eye_squint":0,"hair_1":76,"jaw_1":0,"beard_4":0,"blemishes_2":0,"watches_2":0,"tshirt_2":2,"lipstick_4":0,"helmet_2":0}', '[{"val":497600,"percent":49.76,"name":"hunger"},{"val":498200,"percent":49.82,"name":"thirst"}]', 0, 17, 0, NULL, '2023-06-19 16:29:42', '2023-06-19 17:29:33', NULL, NULL),
	('char1:fafaa4203a9fd42571a5e4b47e93c82b9088d373', '{"money":500000,"bank":0,"black_money":0}', 'user', '[]', 'unemployed', 0, '[]', '[]', '{"y":-749.2747192382813,"x":136.04835510253907,"heading":0.0,"z":258.1051025390625}', 'Moi', 'Moi', '11/11/1990', 'm', 140, '{"bproof_2":0,"mask_2":0,"sun_2":0,"glasses_2":0,"chin_13":0,"bodyb_2":0,"dad":0,"sun_1":0,"lipstick_3":0,"eyebrows_6":0,"nose_2":0,"bags_1":0,"jaw_1":0,"blush_3":0,"nose_3":0,"age_2":0,"arms_2":0,"makeup_4":0,"makeup_3":0,"eyebrows_1":0,"neck_thickness":0,"chain_2":0,"cheeks_3":0,"lip_thickness":0,"chin_2":0,"bags_2":0,"tshirt_1":0,"skin_md_weight":50,"sex":0,"bodyb_3":-1,"eyebrows_4":0,"nose_5":0,"moles_1":0,"moles_2":0,"bracelets_2":0,"age_1":0,"arms":0,"decals_2":0,"hair_color_2":0,"hair_2":0,"chest_3":0,"eye_squint":0,"lipstick_2":0,"chin_3":0,"glasses_1":1,"eye_color":0,"pants_2":10,"makeup_1":0,"helmet_2":0,"bracelets_1":-1,"nose_1":0,"blemishes_1":0,"nose_6":0,"lipstick_1":0,"eyebrows_5":0,"nose_4":0,"bproof_1":0,"decals_1":0,"hair_color_1":0,"tshirt_2":0,"eyebrows_3":0,"eyebrows_2":0,"face_md_weight":50,"beard_1":11,"hair_1":48,"ears_1":-1,"beard_2":10,"bodyb_1":-1,"helmet_1":-1,"chin_1":0,"blemishes_2":0,"lipstick_4":0,"shoes_2":0,"pants_1":86,"torso_2":0,"shoes_1":0,"cheeks_1":-2,"chain_1":0,"blush_2":0,"torso_1":0,"mom":21,"watches_2":0,"complexion_1":0,"chest_1":0,"mask_1":0,"blush_1":0,"makeup_2":0,"beard_3":0,"ears_2":0,"chest_2":0,"cheeks_2":0,"jaw_2":0,"beard_4":0,"watches_1":-1,"complexion_2":0,"bodyb_4":0,"chin_4":0}', '[{"val":975300,"percent":97.53,"name":"hunger"},{"val":981475,"percent":98.1475,"name":"thirst"}]', 0, 108, 0, NULL, '2023-08-01 22:28:00', '2023-08-01 22:32:32', NULL, NULL),
	('char2:010c2dfe91b5c0dbd046872a7cdecdc7296172de', '{"black_money":0,"bank":200,"money":0}', 'admin', '[]', 'unemployed', 0, '[]', '[]', '{"z":258.15087890625,"heading":328.81890869140627,"x":130.90548706054688,"y":-746.6505737304688}', 'Teppo', 'Vanukas', '01/01/1998', 'm', 170, '{"lipstick_4":0,"glasses_2":0,"bodyb_2":0,"shoes_2":2,"makeup_4":0,"lipstick_3":0,"decals_2":0,"pants_2":3,"blush_3":0,"blemishes_2":0,"nose_4":8,"torso_1":23,"jaw_1":0,"jaw_2":0,"nose_6":0,"skin_md_weight":27,"hair_1":72,"bodyb_4":0,"moles_1":0,"eyebrows_1":0,"chin_1":0,"mom":43,"chin_13":0,"cheeks_3":6,"moles_2":0,"watches_1":-1,"bproof_1":0,"chest_1":0,"makeup_3":0,"eyebrows_3":0,"eyebrows_6":0,"chain_1":22,"chain_2":2,"watches_2":0,"chest_3":0,"cheeks_1":2,"helmet_2":0,"hair_color_1":61,"eyebrows_5":0,"bags_2":0,"blemishes_1":0,"torso_2":2,"lipstick_2":0,"chin_4":0,"hair_color_2":29,"age_1":0,"hair_2":0,"face_md_weight":61,"blush_1":0,"tshirt_2":2,"tshirt_1":4,"bracelets_2":0,"age_2":0,"shoes_1":70,"decals_1":0,"beard_4":0,"sex":1,"sun_2":0,"beard_2":10,"nose_2":6,"makeup_2":0,"complexion_1":0,"nose_1":-5,"blush_2":0,"beard_1":11,"nose_5":10,"glasses_1":0,"bodyb_3":-1,"beard_3":0,"eye_squint":0,"eyebrows_2":0,"chest_2":0,"bodyb_1":-1,"bproof_2":0,"arms":1,"lip_thickness":-2,"bracelets_1":-1,"chin_3":0,"ears_2":0,"dad":30,"eye_color":0,"nose_3":5,"makeup_1":0,"ears_1":-1,"cheeks_2":-10,"neck_thickness":0,"mask_2":0,"chin_2":0,"mask_1":0,"pants_1":28,"eyebrows_4":0,"lipstick_1":0,"arms_2":0,"sun_1":0,"bags_1":0,"helmet_1":-1,"complexion_2":0}', '[{"percent":94.52000000000001,"name":"hunger","val":945200},{"percent":95.89,"name":"thirst","val":958900}]', 0, 72, 0, NULL, '2023-07-15 20:28:47', '2023-07-15 20:39:17', NULL, NULL),
	('char2:30a451c8d7ddd011d5d6d452746b9141f90ca9fd', '{"bank":800,"money":0,"black_money":0}', 'admin', '[]', 'unemployed', 0, '[]', '[]', '{"x":132.58021545410157,"heading":308.97637939453127,"z":258.15087890625,"y":-746.2681274414063}', 'Lase', 'Leuka', '01/01/1998', 'm', 170, '{"cheeks_2":-10,"moles_1":0,"dad":29,"bodyb_3":-1,"skin_md_weight":27,"mask_2":0,"tshirt_1":79,"complexion_1":0,"makeup_3":0,"lip_thickness":-2,"chest_3":0,"beard_4":0,"chin_1":0,"blush_2":0,"lipstick_1":0,"hair_color_2":29,"arms":1,"eye_squint":0,"lipstick_3":0,"jaw_2":0,"mom":28,"cheeks_1":2,"ears_2":0,"bracelets_2":0,"tshirt_2":2,"age_1":0,"chin_3":0,"bproof_2":0,"eyebrows_3":0,"nose_3":5,"makeup_2":0,"bproof_1":0,"nose_2":9,"watches_2":0,"pants_2":3,"nose_1":-5,"chin_4":0,"eyebrows_6":0,"neck_thickness":0,"bags_2":0,"bracelets_1":-1,"chain_2":2,"blush_3":0,"eyebrows_4":0,"sun_1":0,"eyebrows_1":0,"glasses_2":0,"shoes_2":2,"helmet_2":0,"torso_1":23,"watches_1":-1,"decals_1":0,"hair_1":76,"ears_1":-1,"mask_1":0,"eyebrows_2":0,"nose_6":0,"eyebrows_5":0,"pants_1":28,"glasses_1":0,"bodyb_1":-1,"shoes_1":70,"beard_3":0,"beard_1":11,"hair_color_1":62,"cheeks_3":6,"lipstick_2":0,"face_md_weight":61,"bodyb_4":0,"blemishes_1":0,"bags_1":0,"sex":0,"blush_1":0,"makeup_1":0,"arms_2":0,"beard_2":10,"hair_2":0,"torso_2":2,"complexion_2":0,"eye_color":0,"blemishes_2":0,"bodyb_2":0,"lipstick_4":0,"nose_5":10,"chest_1":0,"makeup_4":0,"sun_2":0,"nose_4":8,"jaw_1":0,"age_2":0,"decals_2":0,"moles_2":0,"chain_1":22,"chin_13":0,"helmet_1":-1,"chin_2":0,"chest_2":0}', '[{"name":"hunger","val":489500,"percent":48.94999999999999},{"name":"thirst","val":492125,"percent":49.2125}]', 0, 39, 0, NULL, '2023-06-28 19:03:55', '2023-06-28 19:29:43', NULL, NULL),
	('char2:4431c5ed1c390c0b4edcb46af334ed4885e050bf', '{"black_money":0,"money":0,"bank":0}', 'user', '[]', 'unemployed', 0, '[]', '[]', '{"heading":357.16534423828127,"z":258.15087890625,"y":-748.5758056640625,"x":129.23077392578126}', 'Homo', 'Neger', '01/01/2000', 'f', 160, '{"watches_2":0,"glasses_2":12,"decals_1":0,"shoes_1":20,"bproof_1":0,"eye_color":8,"blemishes_2":0,"chest_2":0,"nose_2":4,"complexion_2":0,"eyebrows_6":-8,"tshirt_1":111,"makeup_3":0,"bags_1":0,"nose_5":0,"bags_2":0,"nose_6":0,"ears_1":-1,"beard_2":0,"age_1":0,"eye_squint":-6,"makeup_1":0,"pants_1":12,"lipstick_2":0,"glasses_1":33,"eyebrows_3":52,"sun_1":0,"chin_4":0,"blush_1":0,"hair_1":43,"age_2":0,"chest_1":0,"blush_2":0,"sun_2":0,"mask_2":0,"beard_4":0,"skin_md_weight":60,"jaw_1":0,"moles_1":12,"nose_4":0,"blush_3":0,"blemishes_1":0,"chin_2":10,"pants_2":2,"shoes_2":10,"jaw_2":0,"lip_thickness":0,"ears_2":0,"chest_3":0,"bproof_2":0,"makeup_4":0,"torso_2":2,"makeup_2":0,"hair_2":0,"dad":6,"chin_3":0,"bodyb_1":-1,"hair_color_1":29,"eyebrows_1":32,"helmet_1":-1,"complexion_1":0,"beard_3":0,"hair_color_2":35,"lipstick_1":0,"arms":3,"bodyb_2":0,"chin_13":-10,"helmet_2":0,"arms_2":0,"bracelets_1":-1,"lipstick_3":0,"cheeks_3":0,"nose_3":5,"cheeks_1":0,"neck_thickness":-5,"chain_2":0,"chain_1":85,"eyebrows_2":7,"bodyb_3":-1,"tshirt_2":5,"lipstick_4":0,"beard_1":0,"cheeks_2":0,"mom":28,"chin_1":-10,"decals_2":0,"torso_1":25,"sex":1,"bodyb_4":0,"eyebrows_4":9,"mask_1":0,"face_md_weight":63,"watches_1":-1,"eyebrows_5":-5,"moles_2":8,"nose_1":-10,"bracelets_2":0}', '[{"percent":49.72,"val":497200,"name":"hunger"},{"percent":49.79,"val":497900,"name":"thirst"}]', 0, 47, 0, NULL, '2023-06-28 20:37:33', '2023-06-28 20:38:22', NULL, NULL),
	('char2:910de34dd4c41a07eec0e1d8fb6302a1769e81fd', '{"black_money":0,"money":500001,"bank":200}', 'user', '[]', 'unemployed', 0, '[]', '[]', '{"heading":141.73228454589845,"x":136.04835510253907,"y":-749.2747192382813,"z":259.07763671875}', 'Anaali', 'Tappinen', '10/10/2000', 'f', 155, '{"bproof_2":0,"blush_3":0,"chin_13":-10,"beard_3":0,"lipstick_1":0,"age_2":0,"glasses_1":33,"eyebrows_1":32,"chin_4":0,"cheeks_2":0,"bodyb_2":0,"chest_2":0,"chain_1":85,"watches_1":-1,"age_1":0,"makeup_4":0,"lipstick_3":0,"helmet_1":-1,"eyebrows_2":7,"eye_color":8,"bags_1":0,"beard_1":6,"bracelets_1":-1,"chin_2":10,"nose_3":5,"ears_2":0,"moles_2":10,"blemishes_1":0,"cheeks_1":0,"makeup_2":0,"bproof_1":0,"nose_1":-10,"shoes_1":20,"chin_3":0,"decals_2":0,"glasses_2":12,"makeup_1":0,"nose_5":0,"dad":6,"eyebrows_3":52,"lip_thickness":0,"mask_2":0,"pants_1":12,"complexion_1":0,"bodyb_4":0,"makeup_3":0,"chain_2":0,"chest_3":0,"decals_1":0,"beard_2":9,"chin_1":-10,"chest_1":0,"torso_2":2,"hair_1":43,"face_md_weight":63,"sun_2":0,"eyebrows_4":9,"bags_2":0,"nose_4":0,"lipstick_2":0,"eyebrows_5":-5,"skin_md_weight":60,"hair_color_1":29,"ears_1":-1,"blush_2":0,"tshirt_2":5,"sun_1":0,"bodyb_3":-1,"nose_2":4,"hair_color_2":35,"tshirt_1":111,"complexion_2":0,"shoes_2":10,"watches_2":0,"eyebrows_6":-8,"cheeks_3":0,"jaw_2":0,"blemishes_2":0,"bodyb_1":-1,"neck_thickness":-5,"nose_6":0,"beard_4":0,"mask_1":0,"torso_1":25,"helmet_2":0,"hair_2":0,"sex":1,"mom":28,"eye_squint":-6,"arms":3,"jaw_1":0,"pants_2":2,"blush_1":0,"bracelets_2":0,"arms_2":0,"lipstick_4":0,"moles_1":12}', '[{"val":985900,"percent":98.59,"name":"hunger"},{"val":989425,"percent":98.9425,"name":"thirst"}]', 0, 28, 0, NULL, '2023-06-19 21:22:09', '2023-06-19 21:25:00', NULL, NULL),
	('char2:ab78a3abe48d946285cfd056f853fec26ade0d80', '{"black_money":0,"money":0,"bank":600}', 'user', '[]', 'unemployed', 0, '[]', '[]', '{"heading":260.78741455078127,"x":138.72528076171876,"y":-748.7999877929688,"z":258.15087890625}', 'Eetu', 'Haisee', '11/01/1991', 'm', 120, '{"bproof_2":0,"blush_3":0,"chin_13":0,"beard_3":0,"lipstick_1":0,"age_2":0,"glasses_1":0,"ears_1":-1,"chin_4":0,"cheeks_2":-10,"bodyb_2":0,"chest_2":0,"bodyb_3":-1,"watches_1":-1,"age_1":0,"makeup_4":0,"lipstick_3":0,"helmet_1":-1,"eyebrows_2":0,"eye_color":0,"bags_1":0,"beard_1":11,"bracelets_1":-1,"chin_2":0,"nose_3":5,"ears_2":0,"moles_2":0,"blemishes_1":0,"hair_2":0,"makeup_2":0,"bproof_1":0,"nose_1":-5,"shoes_1":70,"chain_1":22,"decals_2":0,"glasses_2":0,"torso_2":2,"nose_5":10,"dad":29,"blemishes_2":0,"lip_thickness":-2,"mask_2":0,"makeup_1":0,"complexion_1":0,"bodyb_4":0,"makeup_3":0,"chain_2":2,"chest_3":0,"decals_1":0,"beard_2":10,"chin_1":0,"pants_2":3,"mask_1":0,"nose_6":0,"nose_2":6,"sun_2":0,"eyebrows_4":0,"bags_2":0,"nose_4":8,"lipstick_2":0,"eyebrows_5":0,"skin_md_weight":27,"hair_color_1":61,"cheeks_1":2,"moles_1":0,"tshirt_1":4,"sun_1":0,"eyebrows_1":0,"arms_2":0,"hair_color_2":29,"neck_thickness":0,"watches_2":0,"shoes_2":2,"face_md_weight":61,"eyebrows_6":0,"cheeks_3":6,"jaw_2":0,"bracelets_2":0,"bodyb_1":-1,"chest_1":0,"complexion_2":0,"beard_4":0,"helmet_2":0,"sex":0,"hair_1":76,"eyebrows_3":0,"torso_1":23,"mom":43,"eye_squint":0,"arms":1,"jaw_1":0,"blush_2":0,"chin_3":0,"tshirt_2":2,"pants_1":28,"lipstick_4":0,"blush_1":0}', '[{"val":496100,"percent":49.61,"name":"hunger"},{"val":497075,"percent":49.70749999999999,"name":"thirst"}]', 0, 23, 0, NULL, '2023-06-19 17:12:20', '2023-06-19 17:30:10', NULL, NULL),
	('char2:c35384b343a79964b5d4700d4a3d1862300b946a', '{"black_money":0,"money":0,"bank":400}', 'user', '[]', 'unemployed', 0, '[]', '[]', '{"heading":272.1259765625,"x":139.62197875976563,"y":-748.7077026367188,"z":258.15087890625}', 'Kalle', 'Metsaniemi', '06/01/2000', 'm', 170, '{"bproof_2":0,"blush_3":0,"chin_13":0,"beard_3":0,"helmet_2":0,"blush_1":0,"glasses_1":0,"eyebrows_1":0,"chin_4":0,"cheeks_2":-10,"bodyb_2":0,"nose_2":6,"arms_2":0,"watches_1":-1,"age_1":0,"makeup_4":0,"lipstick_3":0,"helmet_1":-1,"eyebrows_2":0,"tshirt_2":2,"bags_1":0,"beard_1":11,"bracelets_1":-1,"chin_2":0,"nose_3":5,"ears_2":0,"moles_2":0,"blemishes_1":0,"hair_2":0,"makeup_2":0,"bproof_1":0,"nose_6":0,"shoes_1":70,"lipstick_1":0,"decals_2":0,"glasses_2":0,"makeup_1":0,"nose_5":10,"dad":29,"chain_2":2,"lip_thickness":-2,"mask_2":0,"ears_1":-1,"complexion_1":0,"bodyb_4":0,"makeup_3":0,"chest_1":0,"chest_3":0,"decals_1":0,"beard_2":10,"pants_2":3,"nose_1":-5,"eyebrows_3":0,"sun_2":0,"arms":1,"face_md_weight":61,"eyebrows_4":0,"bags_2":0,"nose_4":8,"lipstick_2":0,"eyebrows_5":0,"skin_md_weight":27,"hair_color_1":61,"blemishes_2":0,"moles_1":0,"blush_2":0,"sun_1":0,"bracelets_2":0,"torso_2":2,"hair_color_2":29,"chest_2":0,"watches_2":0,"shoes_2":2,"pants_1":28,"eyebrows_6":0,"cheeks_3":6,"jaw_2":0,"complexion_2":0,"mask_1":0,"chin_1":0,"cheeks_1":2,"chin_3":0,"bodyb_1":-1,"sex":0,"bodyb_3":-1,"torso_1":23,"neck_thickness":0,"mom":44,"eye_squint":0,"hair_1":76,"jaw_1":0,"beard_4":0,"eye_color":0,"tshirt_1":4,"chain_1":22,"lipstick_4":0,"age_2":0}', '[{"val":499100,"percent":49.91,"name":"hunger"},{"val":499325,"percent":49.9325,"name":"thirst"}]', 0, 25, 0, NULL, '2023-06-19 17:18:17', '2023-06-19 17:30:05', NULL, NULL),
	('char3:010c2dfe91b5c0dbd046872a7cdecdc7296172de', '{"bank":50000,"money":0,"black_money":0}', 'admin', '[]', 'unemployed', 0, '[]', '[]', '{"x":-268.0879211425781,"y":-957.8637084960938,"z":31.217529296875,"heading":0.0}', 'Affa', 'Afaf', '01/01/1998', 'm', 170, '{"beard_1":11,"eyebrows_3":0,"hair_color_2":29,"hair_color_1":61,"makeup_2":0,"mom":43,"complexion_2":0,"blush_3":0,"bodyb_1":-1,"face_md_weight":61,"eyebrows_1":0,"blemishes_1":0,"torso_2":2,"nose_3":5,"lipstick_4":0,"sex":0,"tshirt_2":2,"eyebrows_4":0,"blush_1":0,"bproof_2":0,"bodyb_4":0,"ears_1":-1,"chin_1":0,"lip_thickness":-2,"chest_3":0,"chest_2":0,"ears_2":0,"chain_2":2,"watches_2":0,"cheeks_3":6,"eye_color":0,"skin_md_weight":27,"bracelets_1":-1,"moles_1":0,"jaw_2":0,"sun_2":0,"sun_1":0,"makeup_3":0,"nose_4":8,"blush_2":0,"complexion_1":0,"blemishes_2":0,"torso_1":23,"bags_2":0,"bproof_1":0,"arms_2":0,"nose_2":6,"chest_1":0,"hair_1":76,"shoes_1":70,"chin_2":0,"decals_2":0,"shoes_2":2,"tshirt_1":4,"pants_2":3,"helmet_2":0,"jaw_1":0,"nose_1":-5,"bodyb_3":-1,"cheeks_2":-10,"lipstick_2":0,"lipstick_1":0,"eyebrows_2":0,"makeup_4":0,"glasses_1":0,"dad":29,"makeup_1":0,"chin_4":0,"eyebrows_5":0,"decals_1":0,"bags_1":0,"lipstick_3":0,"glasses_2":0,"bodyb_2":0,"pants_1":28,"nose_6":0,"chin_3":0,"beard_4":0,"eyebrows_6":0,"moles_2":0,"beard_3":0,"arms":1,"helmet_1":-1,"eye_squint":0,"neck_thickness":0,"mask_2":0,"bracelets_2":0,"chain_1":22,"mask_1":0,"hair_2":0,"cheeks_1":2,"chin_13":0,"beard_2":10,"age_2":0,"age_1":0,"nose_5":10,"watches_1":-1}', '[{"name":"hunger","val":977500,"percent":97.75},{"name":"thirst","val":983125,"percent":98.3125}]', 0, 11, 0, NULL, '2023-06-19 15:41:14', '2023-06-19 15:45:03', NULL, NULL),
	('char3:910de34dd4c41a07eec0e1d8fb6302a1769e81fd', '{"bank":600,"money":29997,"black_money":0}', 'user', '[]', 'unemployed', 0, '[]', '[]', '{"x":133.74066162109376,"heading":31.18110275268554,"z":258.15087890625,"y":-747.8505249023438}', 'Neeekeri', 'Kullinen', '10/10/2001', 'm', 188, '{"bracelets_2":0,"moles_1":0,"dad":29,"makeup_4":0,"skin_md_weight":27,"mask_2":0,"decals_1":0,"complexion_1":0,"makeup_3":0,"lip_thickness":-2,"chest_3":0,"beard_4":0,"chin_1":0,"blush_2":0,"lipstick_1":0,"hair_color_2":29,"arms":1,"eye_squint":0,"mask_1":0,"jaw_2":0,"mom":43,"cheeks_1":2,"chin_4":0,"age_1":0,"tshirt_2":2,"glasses_1":0,"chin_3":0,"bproof_2":0,"eyebrows_3":0,"cheeks_2":-10,"makeup_2":0,"bproof_1":0,"nose_2":6,"eyebrows_2":0,"pants_2":3,"chest_1":0,"moles_2":0,"eyebrows_6":0,"age_2":0,"bags_2":0,"bracelets_1":-1,"chain_2":2,"blush_3":0,"eyebrows_4":0,"sun_1":0,"chin_2":0,"cheeks_3":6,"torso_2":2,"tshirt_1":4,"nose_6":0,"eyebrows_1":0,"pants_1":28,"hair_1":76,"ears_1":-1,"blemishes_1":0,"watches_1":-1,"eye_color":0,"eyebrows_5":0,"shoes_2":2,"lipstick_4":0,"bodyb_1":-1,"shoes_1":70,"beard_3":0,"bodyb_2":0,"nose_1":-5,"decals_2":0,"lipstick_2":0,"face_md_weight":61,"bodyb_4":0,"beard_1":11,"bags_1":0,"sex":0,"blush_1":0,"makeup_1":0,"bodyb_3":-1,"beard_2":10,"hair_2":0,"helmet_2":0,"complexion_2":0,"torso_1":23,"blemishes_2":0,"hair_color_1":61,"watches_2":0,"nose_5":10,"lipstick_3":0,"ears_2":0,"sun_2":0,"nose_4":8,"jaw_1":0,"glasses_2":0,"nose_3":5,"arms_2":0,"chain_1":22,"chin_13":0,"helmet_1":-1,"neck_thickness":0,"chest_2":0}', '[{"val":497500,"name":"hunger","percent":49.75},{"val":498125,"name":"thirst","percent":49.8125}]', 1, 41, 0, NULL, '2023-06-28 19:29:29', '2023-06-28 19:50:41', NULL, NULL),
	('char3:ab78a3abe48d946285cfd056f853fec26ade0d80', '{"bank":0,"money":500000,"black_money":0}', 'user', '[]', 'unemployed', 0, '[]', '[]', '{"x":131.22198486328126,"heading":56.69291305541992,"z":258.15087890625,"y":-745.6087646484375}', 'Timo', 'Jarvinen', '12/12/1999', 'm', 220, '{"bracelets_2":0,"moles_1":0,"dad":29,"makeup_4":0,"skin_md_weight":27,"mask_2":0,"tshirt_1":4,"complexion_1":0,"makeup_3":0,"lip_thickness":-2,"chest_3":0,"beard_4":0,"chin_1":0,"blush_2":0,"lipstick_1":0,"hair_color_2":29,"arms":1,"eye_squint":0,"mask_1":0,"jaw_2":0,"mom":43,"cheeks_1":2,"chin_4":0,"bodyb_3":-1,"tshirt_2":2,"torso_1":23,"chin_3":0,"bproof_2":0,"eyebrows_3":0,"hair_1":76,"makeup_2":0,"bproof_1":0,"nose_2":6,"eyebrows_2":0,"pants_2":3,"decals_1":0,"hair_color_1":61,"eyebrows_6":0,"age_2":0,"bags_2":0,"bracelets_1":-1,"chain_2":2,"blush_3":0,"eyebrows_4":0,"sun_1":0,"eyebrows_1":0,"cheeks_3":6,"pants_1":28,"shoes_2":2,"nose_6":0,"arms_2":0,"lipstick_4":0,"beard_1":11,"ears_1":-1,"age_1":0,"watches_2":0,"decals_2":0,"eyebrows_5":0,"torso_2":2,"glasses_1":0,"bodyb_1":-1,"shoes_1":70,"beard_3":0,"moles_2":0,"nose_1":-5,"chin_2":0,"lipstick_2":0,"face_md_weight":61,"chest_1":0,"cheeks_2":-10,"bags_1":0,"sex":1,"blush_1":0,"makeup_1":0,"nose_3":5,"beard_2":10,"hair_2":0,"lipstick_3":0,"complexion_2":0,"glasses_2":0,"blemishes_2":0,"watches_1":-1,"helmet_2":0,"nose_5":10,"ears_2":0,"bodyb_2":0,"sun_2":0,"nose_4":8,"jaw_1":0,"bodyb_4":0,"neck_thickness":0,"blemishes_1":0,"chain_1":22,"chin_13":0,"helmet_1":-1,"eye_color":0,"chest_2":0}', '[{"val":985600,"name":"hunger","percent":98.56},{"val":989200,"name":"thirst","percent":98.92}]', 0, 38, 0, NULL, '2023-06-28 19:01:00', '2023-06-28 19:03:54', NULL, NULL),
	('char4:010c2dfe91b5c0dbd046872a7cdecdc7296172de', '{"black_money":0,"money":0,"bank":2200}', 'admin', '[]', 'unemployed', 0, '[]', '[]', '{"y":-746.5054931640625,"x":132.5142822265625,"heading":297.6377868652344,"z":258.15087890625}', 'Teppo', 'Tuppi', '01/01/1998', 'm', 170, '{"bproof_2":0,"blush_3":0,"chin_13":0,"beard_3":0,"lipstick_1":0,"blush_1":0,"glasses_1":0,"eyebrows_1":0,"chin_4":0,"cheeks_2":-10,"bodyb_2":0,"chest_2":0,"arms_2":0,"face_md_weight":61,"age_1":0,"beard_4":0,"lipstick_3":0,"helmet_1":-1,"eyebrows_2":0,"pants_1":28,"bags_1":0,"beard_1":11,"bracelets_1":-1,"chin_2":0,"nose_3":5,"ears_2":0,"moles_2":0,"blemishes_1":0,"cheeks_1":2,"makeup_2":0,"bproof_1":0,"nose_1":-5,"shoes_1":70,"watches_2":0,"decals_2":0,"glasses_2":0,"torso_2":2,"nose_5":10,"dad":29,"pants_2":3,"lip_thickness":-2,"mask_2":0,"complexion_2":0,"complexion_1":0,"bodyb_4":0,"makeup_3":0,"chest_1":0,"chest_3":0,"decals_1":0,"moles_1":0,"chin_1":0,"sun_2":0,"chin_3":0,"bracelets_2":0,"eye_color":0,"eye_squint":0,"eyebrows_4":0,"bags_2":0,"nose_4":8,"lipstick_2":0,"eyebrows_5":0,"skin_md_weight":27,"hair_color_1":61,"watches_1":-1,"hair_2":0,"chain_1":22,"sun_1":0,"makeup_1":0,"ears_1":-1,"hair_color_2":29,"blemishes_2":0,"blush_2":0,"shoes_2":2,"neck_thickness":0,"eyebrows_6":0,"cheeks_3":6,"jaw_2":0,"beard_2":10,"bodyb_1":-1,"helmet_2":0,"nose_6":0,"tshirt_2":2,"mask_1":0,"sex":1,"torso_1":23,"makeup_4":0,"hair_1":76,"mom":43,"eyebrows_3":0,"arms":1,"jaw_1":0,"bodyb_3":-1,"tshirt_1":4,"chain_2":2,"age_2":0,"lipstick_4":0,"nose_2":6}', '[{"name":"hunger","percent":49.8,"val":498000},{"name":"thirst","percent":49.85,"val":498500}]', 0, 26, 0, NULL, '2023-06-19 21:14:06', '2023-07-15 20:27:44', NULL, NULL),
	('char4:910de34dd4c41a07eec0e1d8fb6302a1769e81fd', '{"black_money":0,"money":12499999,"bank":400}', 'user', '[]', 'unemployed', 0, '[]', '[]', '{"heading":2.83464550971984,"z":20.6527099609375,"y":-274.04833984375,"x":1780.1669921875}', 'Nigger', 'Bools', '11/11/2000', 'f', 166, '{"bracelets_1":-1,"shoes_2":10,"decals_1":0,"shoes_1":20,"bproof_1":0,"lipstick_1":0,"bodyb_3":-1,"chest_2":0,"nose_2":4,"hair_color_2":35,"eyebrows_6":-8,"tshirt_1":111,"makeup_3":0,"bags_1":0,"nose_5":0,"bags_2":0,"chain_1":85,"ears_1":-1,"beard_2":0,"age_1":0,"eye_squint":-6,"makeup_1":0,"pants_1":12,"eyebrows_4":9,"glasses_1":33,"sex":1,"mom":33,"chin_4":0,"blush_1":0,"hair_1":43,"age_2":0,"chest_1":0,"face_md_weight":67,"sun_2":0,"mask_2":0,"complexion_1":0,"skin_md_weight":60,"lipstick_3":0,"moles_1":12,"chain_2":0,"watches_2":0,"blemishes_1":0,"chin_2":10,"pants_2":2,"chin_3":0,"jaw_2":0,"lipstick_2":0,"ears_2":0,"nose_3":5,"bproof_2":0,"dad":10,"chin_13":-10,"bodyb_2":0,"hair_2":0,"blush_3":0,"beard_4":0,"eye_color":8,"hair_color_1":29,"eyebrows_1":32,"helmet_1":-1,"lip_thickness":0,"jaw_1":0,"chin_1":-10,"makeup_2":0,"arms":3,"glasses_2":12,"makeup_4":0,"bodyb_1":-1,"eyebrows_5":-5,"blemishes_2":0,"nose_6":0,"bodyb_4":0,"cheeks_1":0,"blush_2":0,"neck_thickness":-5,"torso_2":2,"arms_2":0,"complexion_2":0,"beard_3":0,"nose_4":0,"lipstick_4":0,"beard_1":0,"cheeks_2":0,"helmet_2":0,"eyebrows_2":7,"decals_2":0,"torso_1":25,"sun_1":0,"eyebrows_3":52,"cheeks_3":0,"mask_1":0,"tshirt_2":5,"watches_1":-1,"chest_3":0,"moles_2":8,"nose_1":-5,"bracelets_2":0}', '[{"val":498500,"percent":49.85,"name":"hunger"},{"val":498875,"percent":49.8875,"name":"thirst"}]', 0, 44, 0, NULL, '2023-06-28 20:14:12', '2023-06-28 20:28:24', NULL, NULL);
/*!40000 ALTER TABLE `users` ENABLE KEYS */;

-- Dumping structure for taulu s4_kaupunkiffa.user_licenses
CREATE TABLE IF NOT EXISTS `user_licenses` (
  `id` int(11) NOT NULL AUTO_INCREMENT,
  `type` varchar(60) NOT NULL,
  `owner` varchar(46) DEFAULT NULL,
  PRIMARY KEY (`id`)
) ENGINE=InnoDB DEFAULT CHARSET=utf8;

-- Dumping data for table s4_kaupunkiffa.user_licenses: ~0 rows (suunnilleen)
/*!40000 ALTER TABLE `user_licenses` DISABLE KEYS */;
/*!40000 ALTER TABLE `user_licenses` ENABLE KEYS */;

-- Dumping structure for taulu s4_kaupunkiffa.vehicles
CREATE TABLE IF NOT EXISTS `vehicles` (
  `name` varchar(60) NOT NULL,
  `model` varchar(60) NOT NULL,
  `price` int(11) NOT NULL,
  `category` varchar(60) DEFAULT NULL
) ENGINE=InnoDB DEFAULT CHARSET=utf8;

-- Dumping data for table s4_kaupunkiffa.vehicles: ~240 rows (suunnilleen)
/*!40000 ALTER TABLE `vehicles` DISABLE KEYS */;
INSERT INTO `vehicles` (`name`, `model`, `price`, `category`) VALUES
	('Adder', 'adder', 900000, 'super'),
	('Akuma', 'AKUMA', 7500, 'motorcycles'),
	('Alpha', 'alpha', 60000, 'sports'),
	('Ardent', 'ardent', 1150000, 'sportsclassics'),
	('Asea', 'asea', 5500, 'sedans'),
	('Autarch', 'autarch', 1955000, 'super'),
	('Avarus', 'avarus', 18000, 'motorcycles'),
	('Bagger', 'bagger', 13500, 'motorcycles'),
	('Baller', 'baller2', 40000, 'suvs'),
	('Baller Sport', 'baller3', 60000, 'suvs'),
	('Banshee', 'banshee', 70000, 'sports'),
	('Banshee 900R', 'banshee2', 255000, 'super'),
	('Bati 801', 'bati', 12000, 'motorcycles'),
	('Bati 801RR', 'bati2', 19000, 'motorcycles'),
	('Bestia GTS', 'bestiagts', 55000, 'sports'),
	('BF400', 'bf400', 6500, 'motorcycles'),
	('Bf Injection', 'bfinjection', 16000, 'offroad'),
	('Bifta', 'bifta', 12000, 'offroad'),
	('Bison', 'bison', 45000, 'vans'),
	('Blade', 'blade', 15000, 'muscle'),
	('Blazer', 'blazer', 6500, 'offroad'),
	('Blazer Sport', 'blazer4', 8500, 'offroad'),
	('blazer5', 'blazer5', 1755600, 'offroad'),
	('Blista', 'blista', 8000, 'compacts'),
	('BMX (velo)', 'bmx', 160, 'motorcycles'),
	('Bobcat XL', 'bobcatxl', 32000, 'vans'),
	('Brawler', 'brawler', 45000, 'offroad'),
	('Brioso R/A', 'brioso', 18000, 'compacts'),
	('Btype', 'btype', 62000, 'sportsclassics'),
	('Btype Hotroad', 'btype2', 155000, 'sportsclassics'),
	('Btype Luxe', 'btype3', 85000, 'sportsclassics'),
	('Buccaneer', 'buccaneer', 18000, 'muscle'),
	('Buccaneer Rider', 'buccaneer2', 24000, 'muscle'),
	('Buffalo', 'buffalo', 12000, 'sports'),
	('Buffalo S', 'buffalo2', 20000, 'sports'),
	('Bullet', 'bullet', 90000, 'super'),
	('Burrito', 'burrito3', 19000, 'vans'),
	('Camper', 'camper', 42000, 'vans'),
	('Carbonizzare', 'carbonizzare', 75000, 'sports'),
	('Carbon RS', 'carbonrs', 18000, 'motorcycles'),
	('Casco', 'casco', 30000, 'sportsclassics'),
	('Cavalcade', 'cavalcade2', 55000, 'suvs'),
	('Cheetah', 'cheetah', 375000, 'super'),
	('Chimera', 'chimera', 38000, 'motorcycles'),
	('Chino', 'chino', 15000, 'muscle'),
	('Chino Luxe', 'chino2', 19000, 'muscle'),
	('Cliffhanger', 'cliffhanger', 9500, 'motorcycles'),
	('Cognoscenti Cabrio', 'cogcabrio', 55000, 'coupes'),
	('Cognoscenti', 'cognoscenti', 55000, 'sedans'),
	('Comet', 'comet2', 65000, 'sports'),
	('Comet 5', 'comet5', 1145000, 'sports'),
	('Contender', 'contender', 70000, 'suvs'),
	('Coquette', 'coquette', 65000, 'sports'),
	('Coquette Classic', 'coquette2', 40000, 'sportsclassics'),
	('Coquette BlackFin', 'coquette3', 55000, 'muscle'),
	('Cruiser (velo)', 'cruiser', 510, 'motorcycles'),
	('Cyclone', 'cyclone', 1890000, 'super'),
	('Daemon', 'daemon', 11500, 'motorcycles'),
	('Daemon High', 'daemon2', 13500, 'motorcycles'),
	('Defiler', 'defiler', 9800, 'motorcycles'),
	('Deluxo', 'deluxo', 4721500, 'sportsclassics'),
	('Dominator', 'dominator', 35000, 'muscle'),
	('Double T', 'double', 28000, 'motorcycles'),
	('Dubsta', 'dubsta', 45000, 'suvs'),
	('Dubsta Luxuary', 'dubsta2', 60000, 'suvs'),
	('Bubsta 6x6', 'dubsta3', 120000, 'offroad'),
	('Dukes', 'dukes', 28000, 'muscle'),
	('Dune Buggy', 'dune', 8000, 'offroad'),
	('Elegy', 'elegy2', 38500, 'sports'),
	('Emperor', 'emperor', 8500, 'sedans'),
	('Enduro', 'enduro', 5500, 'motorcycles'),
	('Entity XF', 'entityxf', 425000, 'super'),
	('Esskey', 'esskey', 4200, 'motorcycles'),
	('Exemplar', 'exemplar', 32000, 'coupes'),
	('F620', 'f620', 40000, 'coupes'),
	('Faction', 'faction', 20000, 'muscle'),
	('Faction Rider', 'faction2', 30000, 'muscle'),
	('Faction XL', 'faction3', 40000, 'muscle'),
	('Faggio', 'faggio', 1900, 'motorcycles'),
	('Vespa', 'faggio2', 2800, 'motorcycles'),
	('Felon', 'felon', 42000, 'coupes'),
	('Felon GT', 'felon2', 55000, 'coupes'),
	('Feltzer', 'feltzer2', 55000, 'sports'),
	('Stirling GT', 'feltzer3', 65000, 'sportsclassics'),
	('Fixter (velo)', 'fixter', 225, 'motorcycles'),
	('FMJ', 'fmj', 185000, 'super'),
	('Fhantom', 'fq2', 17000, 'suvs'),
	('Fugitive', 'fugitive', 12000, 'sedans'),
	('Furore GT', 'furoregt', 45000, 'sports'),
	('Fusilade', 'fusilade', 40000, 'sports'),
	('Gargoyle', 'gargoyle', 16500, 'motorcycles'),
	('Gauntlet', 'gauntlet', 30000, 'muscle'),
	('Gang Burrito', 'gburrito', 45000, 'vans'),
	('Burrito', 'gburrito2', 29000, 'vans'),
	('Glendale', 'glendale', 6500, 'sedans'),
	('Grabger', 'granger', 50000, 'suvs'),
	('Gresley', 'gresley', 47500, 'suvs'),
	('GT 500', 'gt500', 785000, 'sportsclassics'),
	('Guardian', 'guardian', 45000, 'offroad'),
	('Hakuchou', 'hakuchou', 31000, 'motorcycles'),
	('Hakuchou Sport', 'hakuchou2', 55000, 'motorcycles'),
	('Hermes', 'hermes', 535000, 'muscle'),
	('Hexer', 'hexer', 12000, 'motorcycles'),
	('Hotknife', 'hotknife', 125000, 'muscle'),
	('Huntley S', 'huntley', 40000, 'suvs'),
	('Hustler', 'hustler', 625000, 'muscle'),
	('Infernus', 'infernus', 180000, 'super'),
	('Innovation', 'innovation', 23500, 'motorcycles'),
	('Intruder', 'intruder', 7500, 'sedans'),
	('Issi', 'issi2', 10000, 'compacts'),
	('Jackal', 'jackal', 38000, 'coupes'),
	('Jester', 'jester', 65000, 'sports'),
	('Jester(Racecar)', 'jester2', 135000, 'sports'),
	('Journey', 'journey', 6500, 'vans'),
	('Kamacho', 'kamacho', 345000, 'offroad'),
	('Khamelion', 'khamelion', 38000, 'sports'),
	('Kuruma', 'kuruma', 30000, 'sports'),
	('Landstalker', 'landstalker', 35000, 'suvs'),
	('RE-7B', 'le7b', 325000, 'super'),
	('Lynx', 'lynx', 40000, 'sports'),
	('Mamba', 'mamba', 70000, 'sports'),
	('Manana', 'manana', 12800, 'sportsclassics'),
	('Manchez', 'manchez', 5300, 'motorcycles'),
	('Massacro', 'massacro', 65000, 'sports'),
	('Massacro(Racecar)', 'massacro2', 130000, 'sports'),
	('Mesa', 'mesa', 16000, 'suvs'),
	('Mesa Trail', 'mesa3', 40000, 'suvs'),
	('Minivan', 'minivan', 13000, 'vans'),
	('Monroe', 'monroe', 55000, 'sportsclassics'),
	('The Liberator', 'monster', 210000, 'offroad'),
	('Moonbeam', 'moonbeam', 18000, 'vans'),
	('Moonbeam Rider', 'moonbeam2', 35000, 'vans'),
	('Nemesis', 'nemesis', 5800, 'motorcycles'),
	('Neon', 'neon', 1500000, 'sports'),
	('Nightblade', 'nightblade', 35000, 'motorcycles'),
	('Nightshade', 'nightshade', 65000, 'muscle'),
	('9F', 'ninef', 65000, 'sports'),
	('9F Cabrio', 'ninef2', 80000, 'sports'),
	('Omnis', 'omnis', 35000, 'sports'),
	('Oppressor', 'oppressor', 3524500, 'super'),
	('Oracle XS', 'oracle2', 35000, 'coupes'),
	('Osiris', 'osiris', 160000, 'super'),
	('Panto', 'panto', 10000, 'compacts'),
	('Paradise', 'paradise', 19000, 'vans'),
	('Pariah', 'pariah', 1420000, 'sports'),
	('Patriot', 'patriot', 55000, 'suvs'),
	('PCJ-600', 'pcj', 6200, 'motorcycles'),
	('Penumbra', 'penumbra', 28000, 'sports'),
	('Pfister', 'pfister811', 85000, 'super'),
	('Phoenix', 'phoenix', 12500, 'muscle'),
	('Picador', 'picador', 18000, 'muscle'),
	('Pigalle', 'pigalle', 20000, 'sportsclassics'),
	('Prairie', 'prairie', 12000, 'compacts'),
	('Premier', 'premier', 8000, 'sedans'),
	('Primo Custom', 'primo2', 14000, 'sedans'),
	('X80 Proto', 'prototipo', 2500000, 'super'),
	('Radius', 'radi', 29000, 'suvs'),
	('raiden', 'raiden', 1375000, 'sports'),
	('Rapid GT', 'rapidgt', 35000, 'sports'),
	('Rapid GT Convertible', 'rapidgt2', 45000, 'sports'),
	('Rapid GT3', 'rapidgt3', 885000, 'sportsclassics'),
	('Reaper', 'reaper', 150000, 'super'),
	('Rebel', 'rebel2', 35000, 'offroad'),
	('Regina', 'regina', 5000, 'sedans'),
	('Retinue', 'retinue', 615000, 'sportsclassics'),
	('Revolter', 'revolter', 1610000, 'sports'),
	('riata', 'riata', 380000, 'offroad'),
	('Rocoto', 'rocoto', 45000, 'suvs'),
	('Ruffian', 'ruffian', 6800, 'motorcycles'),
	('Ruiner 2', 'ruiner2', 5745600, 'muscle'),
	('Rumpo', 'rumpo', 15000, 'vans'),
	('Rumpo Trail', 'rumpo3', 19500, 'vans'),
	('Sabre Turbo', 'sabregt', 20000, 'muscle'),
	('Sabre GT', 'sabregt2', 25000, 'muscle'),
	('Sanchez', 'sanchez', 5300, 'motorcycles'),
	('Sanchez Sport', 'sanchez2', 5300, 'motorcycles'),
	('Sanctus', 'sanctus', 25000, 'motorcycles'),
	('Sandking', 'sandking', 55000, 'offroad'),
	('Savestra', 'savestra', 990000, 'sportsclassics'),
	('SC 1', 'sc1', 1603000, 'super'),
	('Schafter', 'schafter2', 25000, 'sedans'),
	('Schafter V12', 'schafter3', 50000, 'sports'),
	('Scorcher (velo)', 'scorcher', 280, 'motorcycles'),
	('Seminole', 'seminole', 25000, 'suvs'),
	('Sentinel', 'sentinel', 32000, 'coupes'),
	('Sentinel XS', 'sentinel2', 40000, 'coupes'),
	('Sentinel3', 'sentinel3', 650000, 'sports'),
	('Seven 70', 'seven70', 39500, 'sports'),
	('ETR1', 'sheava', 220000, 'super'),
	('Shotaro Concept', 'shotaro', 320000, 'motorcycles'),
	('Slam Van', 'slamvan3', 11500, 'muscle'),
	('Sovereign', 'sovereign', 22000, 'motorcycles'),
	('Stinger', 'stinger', 80000, 'sportsclassics'),
	('Stinger GT', 'stingergt', 75000, 'sportsclassics'),
	('Streiter', 'streiter', 500000, 'sports'),
	('Stretch', 'stretch', 90000, 'sedans'),
	('Stromberg', 'stromberg', 3185350, 'sports'),
	('Sultan', 'sultan', 15000, 'sports'),
	('Sultan RS', 'sultanrs', 65000, 'super'),
	('Super Diamond', 'superd', 130000, 'sedans'),
	('Surano', 'surano', 50000, 'sports'),
	('Surfer', 'surfer', 12000, 'vans'),
	('T20', 't20', 300000, 'super'),
	('Tailgater', 'tailgater', 30000, 'sedans'),
	('Tampa', 'tampa', 16000, 'muscle'),
	('Drift Tampa', 'tampa2', 80000, 'sports'),
	('Thrust', 'thrust', 24000, 'motorcycles'),
	('Tri bike (velo)', 'tribike3', 520, 'motorcycles'),
	('Trophy Truck', 'trophytruck', 60000, 'offroad'),
	('Trophy Truck Limited', 'trophytruck2', 80000, 'offroad'),
	('Tropos', 'tropos', 40000, 'sports'),
	('Turismo R', 'turismor', 350000, 'super'),
	('Tyrus', 'tyrus', 600000, 'super'),
	('Vacca', 'vacca', 120000, 'super'),
	('Vader', 'vader', 7200, 'motorcycles'),
	('Verlierer', 'verlierer2', 70000, 'sports'),
	('Vigero', 'vigero', 12500, 'muscle'),
	('Virgo', 'virgo', 14000, 'muscle'),
	('Viseris', 'viseris', 875000, 'sportsclassics'),
	('Visione', 'visione', 2250000, 'super'),
	('Voltic', 'voltic', 90000, 'super'),
	('Voltic 2', 'voltic2', 3830400, 'super'),
	('Voodoo', 'voodoo', 7200, 'muscle'),
	('Vortex', 'vortex', 9800, 'motorcycles'),
	('Warrener', 'warrener', 4000, 'sedans'),
	('Washington', 'washington', 9000, 'sedans'),
	('Windsor', 'windsor', 95000, 'coupes'),
	('Windsor Drop', 'windsor2', 125000, 'coupes'),
	('Woflsbane', 'wolfsbane', 9000, 'motorcycles'),
	('XLS', 'xls', 32000, 'suvs'),
	('Yosemite', 'yosemite', 485000, 'muscle'),
	('Youga', 'youga', 10800, 'vans'),
	('Youga Luxuary', 'youga2', 14500, 'vans'),
	('Z190', 'z190', 900000, 'sportsclassics'),
	('Zentorno', 'zentorno', 1500000, 'super'),
	('Zion', 'zion', 36000, 'coupes'),
	('Zion Cabrio', 'zion2', 45000, 'coupes'),
	('Zombie', 'zombiea', 9500, 'motorcycles'),
	('Zombie Luxuary', 'zombieb', 12000, 'motorcycles'),
	('Z-Type', 'ztype', 220000, 'sportsclassics');
/*!40000 ALTER TABLE `vehicles` ENABLE KEYS */;

-- Dumping structure for taulu s4_kaupunkiffa.vehicle_categories
CREATE TABLE IF NOT EXISTS `vehicle_categories` (
  `name` varchar(60) NOT NULL,
  `label` varchar(60) NOT NULL,
  PRIMARY KEY (`name`)
) ENGINE=InnoDB DEFAULT CHARSET=utf8;

-- Dumping data for table s4_kaupunkiffa.vehicle_categories: ~11 rows (suunnilleen)
/*!40000 ALTER TABLE `vehicle_categories` DISABLE KEYS */;
INSERT INTO `vehicle_categories` (`name`, `label`) VALUES
	('compacts', 'Compacts'),
	('coupes', 'Coups'),
	('motorcycles', 'Motos'),
	('muscle', 'Muscle'),
	('offroad', 'Off Road'),
	('sedans', 'Sedans'),
	('sports', 'Sports'),
	('sportsclassics', 'Sports Classics'),
	('super', 'Super'),
	('suvs', 'SUVs'),
	('vans', 'Vans');
/*!40000 ALTER TABLE `vehicle_categories` ENABLE KEYS */;

-- Dumping structure for taulu s4_kaupunkiffa.vehicle_sold
CREATE TABLE IF NOT EXISTS `vehicle_sold` (
  `id` int(11) NOT NULL AUTO_INCREMENT,
  `client` varchar(50) NOT NULL,
  `model` varchar(50) NOT NULL,
  `plate` varchar(50) NOT NULL,
  `soldby` varchar(50) NOT NULL,
  `date` varchar(50) NOT NULL,
  PRIMARY KEY (`id`)
) ENGINE=InnoDB DEFAULT CHARSET=utf8;

-- Dumping data for table s4_kaupunkiffa.vehicle_sold: ~0 rows (suunnilleen)
/*!40000 ALTER TABLE `vehicle_sold` DISABLE KEYS */;
/*!40000 ALTER TABLE `vehicle_sold` ENABLE KEYS */;

-- Dumping structure for taulu s4_kaupunkiffa.whitelist
CREATE TABLE IF NOT EXISTS `whitelist` (
  `identifier` varchar(46) NOT NULL,
  PRIMARY KEY (`identifier`)
) ENGINE=InnoDB DEFAULT CHARSET=utf8;

-- Dumping data for table s4_kaupunkiffa.whitelist: ~0 rows (suunnilleen)
/*!40000 ALTER TABLE `whitelist` DISABLE KEYS */;
/*!40000 ALTER TABLE `whitelist` ENABLE KEYS */;

/*!40101 SET SQL_MODE=IFNULL(@OLD_SQL_MODE, '') */;
/*!40014 SET FOREIGN_KEY_CHECKS=IFNULL(@OLD_FOREIGN_KEY_CHECKS, 1) */;
/*!40101 SET CHARACTER_SET_CLIENT=@OLD_CHARACTER_SET_CLIENT */;
/*!40111 SET SQL_NOTES=IFNULL(@OLD_SQL_NOTES, 1) */;
